-- phpMyAdmin SQL Dump
-- version 4.9.5
-- https://www.phpmyadmin.net/
--
-- Host: localhost:3306
-- Generation Time: Mar 09, 2021 at 01:16 PM
-- Server version: 10.3.27-MariaDB-cll-lve
-- PHP Version: 7.3.6

SET SQL_MODE = "NO_AUTO_VALUE_ON_ZERO";
SET AUTOCOMMIT = 0;
START TRANSACTION;
SET time_zone = "+00:00";


/*!40101 SET @OLD_CHARACTER_SET_CLIENT=@@CHARACTER_SET_CLIENT */;
/*!40101 SET @OLD_CHARACTER_SET_RESULTS=@@CHARACTER_SET_RESULTS */;
/*!40101 SET @OLD_COLLATION_CONNECTION=@@COLLATION_CONNECTION */;
/*!40101 SET NAMES utf8mb4 */;

--
-- Database: `megamort_gudangmo`
--

-- --------------------------------------------------------

--
-- Table structure for table `about_image`
--

CREATE TABLE `about_image` (
  `id` int(11) NOT NULL,
  `image` varchar(200) NOT NULL
) ENGINE=MyISAM DEFAULT CHARSET=latin1;

-- --------------------------------------------------------

--
-- Table structure for table `address`
--

CREATE TABLE `address` (
  `id` int(25) NOT NULL,
  `category_id` int(11) NOT NULL,
  `nama` varchar(225) NOT NULL,
  `address_1` varchar(100) NOT NULL,
  `address_2` varchar(100) NOT NULL,
  `telp` varchar(100) NOT NULL,
  `fax` varchar(100) NOT NULL,
  `image` varchar(200) NOT NULL,
  `kota` varchar(100) NOT NULL,
  `provinsi` varchar(100) NOT NULL,
  `email` varchar(100) NOT NULL
) ENGINE=InnoDB DEFAULT CHARSET=latin1;

--
-- Dumping data for table `address`
--

INSERT INTO `address` (`id`, `category_id`, `nama`, `address_1`, `address_2`, `telp`, `fax`, `image`, `kota`, `provinsi`, `email`) VALUES
(1, 12, 'Ayu Kayun', 'Jl. Kembang Jepun No.54-56, Surabaya 60162', 'Surabaya Pusat', '(031) 3521416 / 0819-7324-1373', '', '5820e-357x251.png', 'Surabaya', 'Jawa Timur', 'info@sumbertehnikjaya.com');

-- --------------------------------------------------------

--
-- Table structure for table `banner`
--

CREATE TABLE `banner` (
  `id` int(11) NOT NULL,
  `title` varchar(200) NOT NULL,
  `image` varchar(200) NOT NULL,
  `image_big` varchar(200) NOT NULL,
  `sort` int(11) NOT NULL
) ENGINE=MyISAM DEFAULT CHARSET=latin1;

--
-- Dumping data for table `banner`
--

INSERT INTO `banner` (`id`, `title`, `image`, `image_big`, `sort`) VALUES
(1, 'Creative Communication Division', '9f4df-Banner Career_CC.jpg', 'f451f-PopUp_Banner CC.jpg', 1),
(4, 'Public Relation & Sales', '60b6c-Banner Career_PR.jpg', '60b6c-PopUp_Banner PR.jpg', 2);

-- --------------------------------------------------------

--
-- Table structure for table `city`
--

CREATE TABLE `city` (
  `id` int(11) NOT NULL,
  `province_id` int(11) NOT NULL,
  `province` varchar(100) NOT NULL,
  `type` varchar(100) NOT NULL,
  `city_name` varchar(100) NOT NULL,
  `postal_code` varchar(10) NOT NULL
) ENGINE=MyISAM DEFAULT CHARSET=latin1;

--
-- Dumping data for table `city`
--

INSERT INTO `city` (`id`, `province_id`, `province`, `type`, `city_name`, `postal_code`) VALUES
(1, 21, 'Nanggroe Aceh Darussalam (NAD)', 'Kabupaten', 'Aceh Barat', '23600'),
(2, 21, 'Nanggroe Aceh Darussalam (NAD)', 'Kabupaten', 'Aceh Barat Daya', '23700'),
(3, 21, 'Nanggroe Aceh Darussalam (NAD)', 'Kabupaten', 'Aceh Besar', '23000'),
(4, 21, 'Nanggroe Aceh Darussalam (NAD)', 'Kabupaten', 'Aceh Jaya', '23600'),
(5, 21, 'Nanggroe Aceh Darussalam (NAD)', 'Kabupaten', 'Aceh Selatan', '23700'),
(6, 21, 'Nanggroe Aceh Darussalam (NAD)', 'Kabupaten', 'Aceh Singkil', '24700'),
(7, 21, 'Nanggroe Aceh Darussalam (NAD)', 'Kabupaten', 'Aceh Tamiang', '24400'),
(8, 21, 'Nanggroe Aceh Darussalam (NAD)', 'Kabupaten', 'Aceh Tengah', '24500'),
(9, 21, 'Nanggroe Aceh Darussalam (NAD)', 'Kabupaten', 'Aceh Tenggara', '24600'),
(10, 21, 'Nanggroe Aceh Darussalam (NAD)', 'Kabupaten', 'Aceh Timur', '24400'),
(11, 21, 'Nanggroe Aceh Darussalam (NAD)', 'Kabupaten', 'Aceh Utara', '24300'),
(12, 32, 'Sumatera Barat', 'Kabupaten', 'Agam', '26000'),
(13, 23, 'Nusa Tenggara Timur (NTT)', 'Kabupaten', 'Alor', '85800'),
(14, 19, 'Maluku', 'Kota', 'Ambon', '97000'),
(15, 34, 'Sumatera Utara', 'Kabupaten', 'Asahan', '21000'),
(16, 24, 'Papua', 'Kabupaten', 'Asmat', '99700'),
(17, 1, 'Bali', 'Kabupaten', 'Badung', '80361'),
(18, 13, 'Kalimantan Selatan', 'Kabupaten', 'Balangan', '71400'),
(19, 15, 'Kalimantan Timur', 'Kota', 'Balikpapan', '76100'),
(20, 21, 'Nanggroe Aceh Darussalam (NAD)', 'Kota', 'Banda Aceh', '23000'),
(21, 18, 'Lampung', 'Kota', 'Bandar Lampung', '35000'),
(22, 9, 'Jawa Barat', 'Kabupaten', 'Bandung', '40000'),
(23, 9, 'Jawa Barat', 'Kota', 'Bandung', '40000'),
(24, 9, 'Jawa Barat', 'Kabupaten', 'Bandung Barat', '40000'),
(25, 29, 'Sulawesi Tengah', 'Kabupaten', 'Banggai', '94791'),
(26, 29, 'Sulawesi Tengah', 'Kabupaten', 'Banggai Kepulauan', '94791'),
(27, 2, 'Bangka Belitung', 'Kabupaten', 'Bangka', '33200'),
(28, 2, 'Bangka Belitung', 'Kabupaten', 'Bangka Barat', '33300'),
(29, 2, 'Bangka Belitung', 'Kabupaten', 'Bangka Selatan', '33700'),
(30, 2, 'Bangka Belitung', 'Kabupaten', 'Bangka Tengah', '33600'),
(31, 11, 'Jawa Timur', 'Kabupaten', 'Bangkalan', '69100'),
(32, 1, 'Bali', 'Kabupaten', 'Bangli', '80600'),
(33, 13, 'Kalimantan Selatan', 'Kabupaten', 'Banjar', '70600'),
(34, 9, 'Jawa Barat', 'Kota', 'Banjar', '46300'),
(35, 13, 'Kalimantan Selatan', 'Kota', 'Banjarbaru', '70700'),
(36, 13, 'Kalimantan Selatan', 'Kota', 'Banjarmasin', '70000'),
(37, 10, 'Jawa Tengah', 'Kabupaten', 'Banjarnegara', '53400'),
(38, 28, 'Sulawesi Selatan', 'Kabupaten', 'Bantaeng', '92400'),
(39, 5, 'DI Yogyakarta', 'Kabupaten', 'Bantul', '55700'),
(40, 33, 'Sumatera Selatan', 'Kabupaten', 'Banyuasin', '30758'),
(41, 10, 'Jawa Tengah', 'Kabupaten', 'Banyumas', '53100'),
(42, 11, 'Jawa Timur', 'Kabupaten', 'Banyuwangi', '68400'),
(43, 13, 'Kalimantan Selatan', 'Kabupaten', 'Barito Kuala', '70500'),
(44, 14, 'Kalimantan Tengah', 'Kabupaten', 'Barito Selatan', '73700'),
(45, 14, 'Kalimantan Tengah', 'Kabupaten', 'Barito Timur', '73600'),
(46, 14, 'Kalimantan Tengah', 'Kabupaten', 'Barito Utara', '73800'),
(47, 28, 'Sulawesi Selatan', 'Kabupaten', 'Barru', '90700'),
(48, 17, 'Kepulauan Riau', 'Kota', 'Batam', '29400'),
(49, 10, 'Jawa Tengah', 'Kabupaten', 'Batang', '51200'),
(50, 8, 'Jambi', 'Kabupaten', 'Batang Hari', '36600'),
(51, 11, 'Jawa Timur', 'Kota', 'Batu', '65311'),
(52, 34, 'Sumatera Utara', 'Kabupaten', 'Batu Bara', '21200'),
(53, 30, 'Sulawesi Tenggara', 'Kota', 'Bau-Bau', '93700'),
(54, 9, 'Jawa Barat', 'Kabupaten', 'Bekasi', '17000'),
(55, 9, 'Jawa Barat', 'Kota', 'Bekasi', '17000'),
(56, 2, 'Bangka Belitung', 'Kabupaten', 'Belitung', '33400'),
(57, 2, 'Bangka Belitung', 'Kabupaten', 'Belitung Timur', '33400'),
(58, 23, 'Nusa Tenggara Timur (NTT)', 'Kabupaten', 'Belu', '85700'),
(59, 21, 'Nanggroe Aceh Darussalam (NAD)', 'Kabupaten', 'Bener Meriah', '24500'),
(60, 26, 'Riau', 'Kabupaten', 'Bengkalis', '28700'),
(61, 12, 'Kalimantan Barat', 'Kabupaten', 'Bengkayang', '79200'),
(62, 4, 'Bengkulu', 'Kota', 'Bengkulu', '38000'),
(63, 4, 'Bengkulu', 'Kabupaten', 'Bengkulu Selatan', '38500'),
(64, 4, 'Bengkulu', 'Kabupaten', 'Bengkulu Tengah', '38000'),
(65, 4, 'Bengkulu', 'Kabupaten', 'Bengkulu Utara', '38600'),
(66, 15, 'Kalimantan Timur', 'Kabupaten', 'Berau', '77300'),
(67, 24, 'Papua', 'Kabupaten', 'Biak Numfor', '98100'),
(68, 22, 'Nusa Tenggara Barat (NTB)', 'Kabupaten', 'Bima', '84100'),
(69, 22, 'Nusa Tenggara Barat (NTB)', 'Kota', 'Bima', '84100'),
(70, 34, 'Sumatera Utara', 'Kota', 'Binjai', '20700'),
(71, 17, 'Kepulauan Riau', 'Kabupaten', 'Bintan', '29100'),
(72, 21, 'Nanggroe Aceh Darussalam (NAD)', 'Kabupaten', 'Bireuen', '24200'),
(73, 31, 'Sulawesi Utara', 'Kota', 'Bitung', '95500'),
(74, 11, 'Jawa Timur', 'Kabupaten', 'Blitar', '66100'),
(75, 11, 'Jawa Timur', 'Kota', 'Blitar', '66100'),
(76, 10, 'Jawa Tengah', 'Kabupaten', 'Blora', '58200'),
(77, 7, 'Gorontalo', 'Kabupaten', 'Boalemo', '96200'),
(78, 9, 'Jawa Barat', 'Kabupaten', 'Bogor', '16000'),
(79, 9, 'Jawa Barat', 'Kota', 'Bogor', '16000'),
(80, 11, 'Jawa Timur', 'Kabupaten', 'Bojonegoro', '62100'),
(81, 31, 'Sulawesi Utara', 'Kabupaten', 'Bolaang Mongondow (Bolmong)', '95700'),
(82, 31, 'Sulawesi Utara', 'Kabupaten', 'Bolaang Mongondow Selatan', '95700'),
(83, 31, 'Sulawesi Utara', 'Kabupaten', 'Bolaang Mongondow Timur', '95700'),
(84, 31, 'Sulawesi Utara', 'Kabupaten', 'Bolaang Mongondow Utara', '95700'),
(85, 30, 'Sulawesi Tenggara', 'Kabupaten', 'Bombana', '93700'),
(86, 11, 'Jawa Timur', 'Kabupaten', 'Bondowoso', '68200'),
(87, 28, 'Sulawesi Selatan', 'Kabupaten', 'Bone', '92552'),
(88, 7, 'Gorontalo', 'Kabupaten', 'Bone Bolango', '96184'),
(89, 15, 'Kalimantan Timur', 'Kota', 'Bontang', '75300'),
(90, 24, 'Papua', 'Kabupaten', 'Boven Digoel', '99600'),
(91, 10, 'Jawa Tengah', 'Kabupaten', 'Boyolali', '57300'),
(92, 10, 'Jawa Tengah', 'Kabupaten', 'Brebes', '52200'),
(93, 32, 'Sumatera Barat', 'Kota', 'Bukittinggi', '26100'),
(94, 1, 'Bali', 'Kabupaten', 'Buleleng', '81100'),
(95, 28, 'Sulawesi Selatan', 'Kabupaten', 'Bulukumba', '92500'),
(96, 16, 'Kalimantan Utara', 'Kabupaten', 'Bulungan (Bulongan)', '77200'),
(97, 8, 'Jambi', 'Kabupaten', 'Bungo', '37200'),
(98, 29, 'Sulawesi Tengah', 'Kabupaten', 'Buol', '94500'),
(99, 19, 'Maluku', 'Kabupaten', 'Buru', '97500'),
(100, 19, 'Maluku', 'Kabupaten', 'Buru Selatan', '97500'),
(101, 30, 'Sulawesi Tenggara', 'Kabupaten', 'Buton', '93700'),
(102, 30, 'Sulawesi Tenggara', 'Kabupaten', 'Buton Utara', '93600'),
(103, 9, 'Jawa Barat', 'Kabupaten', 'Ciamis', '46200'),
(104, 9, 'Jawa Barat', 'Kabupaten', 'Cianjur', '43200'),
(105, 10, 'Jawa Tengah', 'Kabupaten', 'Cilacap', '53200'),
(106, 3, 'Banten', 'Kota', 'Cilegon', '42400'),
(107, 9, 'Jawa Barat', 'Kota', 'Cimahi', '40500'),
(108, 9, 'Jawa Barat', 'Kabupaten', 'Cirebon', '45100'),
(109, 9, 'Jawa Barat', 'Kota', 'Cirebon', '45100'),
(110, 34, 'Sumatera Utara', 'Kabupaten', 'Dairi', '22200'),
(111, 24, 'Papua', 'Kabupaten', 'Deiyai (Deliyai)', '98700'),
(112, 34, 'Sumatera Utara', 'Kabupaten', 'Deli Serdang', '20500'),
(113, 10, 'Jawa Tengah', 'Kabupaten', 'Demak', '59500'),
(114, 1, 'Bali', 'Kota', 'Denpasar', '80000'),
(115, 9, 'Jawa Barat', 'Kota', 'Depok', '16400'),
(116, 32, 'Sumatera Barat', 'Kabupaten', 'Dharmasraya', '27600'),
(117, 24, 'Papua', 'Kabupaten', 'Dogiyai', '98800'),
(118, 22, 'Nusa Tenggara Barat (NTB)', 'Kabupaten', 'Dompu', '84200'),
(119, 29, 'Sulawesi Tengah', 'Kabupaten', 'Donggala', '94351'),
(120, 26, 'Riau', 'Kota', 'Dumai', '28800'),
(121, 33, 'Sumatera Selatan', 'Kabupaten', 'Empat Lawang', '31500'),
(122, 23, 'Nusa Tenggara Timur (NTT)', 'Kabupaten', 'Ende', '86300'),
(123, 28, 'Sulawesi Selatan', 'Kabupaten', 'Enrekang', '91700'),
(124, 25, 'Papua Barat', 'Kabupaten', 'Fakfak', '98600'),
(125, 23, 'Nusa Tenggara Timur (NTT)', 'Kabupaten', 'Flores Timur', '86200'),
(126, 9, 'Jawa Barat', 'Kabupaten', 'Garut', '44100'),
(127, 21, 'Nanggroe Aceh Darussalam (NAD)', 'Kabupaten', 'Gayo Lues', '24600'),
(128, 1, 'Bali', 'Kabupaten', 'Gianyar', '80500'),
(129, 7, 'Gorontalo', 'Kabupaten', 'Gorontalo', '96100'),
(130, 7, 'Gorontalo', 'Kota', 'Gorontalo', '96100'),
(131, 7, 'Gorontalo', 'Kabupaten', 'Gorontalo Utara', '96100'),
(132, 28, 'Sulawesi Selatan', 'Kabupaten', 'Gowa', '92100'),
(133, 11, 'Jawa Timur', 'Kabupaten', 'Gresik', '61100'),
(134, 10, 'Jawa Tengah', 'Kabupaten', 'Grobogan', '58152'),
(135, 5, 'DI Yogyakarta', 'Kabupaten', 'Gunung Kidul', '55800'),
(136, 14, 'Kalimantan Tengah', 'Kabupaten', 'Gunung Mas', '74500'),
(137, 34, 'Sumatera Utara', 'Kota', 'Gunungsitoli', '22800'),
(138, 20, 'Maluku Utara', 'Kabupaten', 'Halmahera Barat', '97700'),
(139, 20, 'Maluku Utara', 'Kabupaten', 'Halmahera Selatan', '97700'),
(140, 20, 'Maluku Utara', 'Kabupaten', 'Halmahera Tengah', '97800'),
(141, 20, 'Maluku Utara', 'Kabupaten', 'Halmahera Timur', '97800'),
(142, 20, 'Maluku Utara', 'Kabupaten', 'Halmahera Utara', '97700'),
(143, 13, 'Kalimantan Selatan', 'Kabupaten', 'Hulu Sungai Selatan', '71200'),
(144, 13, 'Kalimantan Selatan', 'Kabupaten', 'Hulu Sungai Tengah', '71300'),
(145, 13, 'Kalimantan Selatan', 'Kabupaten', 'Hulu Sungai Utara', '71400'),
(146, 34, 'Sumatera Utara', 'Kabupaten', 'Humbang Hasundutan', '22400'),
(147, 26, 'Riau', 'Kabupaten', 'Indragiri Hilir', '29200'),
(148, 26, 'Riau', 'Kabupaten', 'Indragiri Hulu', '29300'),
(149, 9, 'Jawa Barat', 'Kabupaten', 'Indramayu', '45200'),
(150, 24, 'Papua', 'Kabupaten', 'Intan Jaya', '98700'),
(151, 6, 'DKI Jakarta', 'Kota', 'Jakarta Barat', '11000'),
(152, 6, 'DKI Jakarta', 'Kota', 'Jakarta Pusat', '10000'),
(153, 6, 'DKI Jakarta', 'Kota', 'Jakarta Selatan', '12000'),
(154, 6, 'DKI Jakarta', 'Kota', 'Jakarta Timur', '13000'),
(155, 6, 'DKI Jakarta', 'Kota', 'Jakarta Utara', '14000'),
(156, 8, 'Jambi', 'Kota', 'Jambi', '36000'),
(157, 24, 'Papua', 'Kabupaten', 'Jayapura', '99000'),
(158, 24, 'Papua', 'Kota', 'Jayapura', '99000'),
(159, 24, 'Papua', 'Kabupaten', 'Jayawijaya', '99500'),
(160, 11, 'Jawa Timur', 'Kabupaten', 'Jember', '68100'),
(161, 1, 'Bali', 'Kabupaten', 'Jembrana', '82200'),
(162, 28, 'Sulawesi Selatan', 'Kabupaten', 'Jeneponto', '92300'),
(163, 10, 'Jawa Tengah', 'Kabupaten', 'Jepara', '59400'),
(164, 11, 'Jawa Timur', 'Kabupaten', 'Jombang', '61400'),
(165, 25, 'Papua Barat', 'Kabupaten', 'Kaimana', '98654'),
(166, 26, 'Riau', 'Kabupaten', 'Kampar', '28400'),
(167, 14, 'Kalimantan Tengah', 'Kabupaten', 'Kapuas', '73500'),
(168, 12, 'Kalimantan Barat', 'Kabupaten', 'Kapuas Hulu', '78700'),
(169, 10, 'Jawa Tengah', 'Kabupaten', 'Karanganyar', '57700'),
(170, 1, 'Bali', 'Kabupaten', 'Karangasem', '80800'),
(171, 9, 'Jawa Barat', 'Kabupaten', 'Karawang', '41300'),
(172, 17, 'Kepulauan Riau', 'Kabupaten', 'Karimun', '29600'),
(173, 34, 'Sumatera Utara', 'Kabupaten', 'Karo', '22100'),
(174, 14, 'Kalimantan Tengah', 'Kabupaten', 'Katingan', '74400'),
(175, 4, 'Bengkulu', 'Kabupaten', 'Kaur', '38000'),
(176, 12, 'Kalimantan Barat', 'Kabupaten', 'Kayong Utara', '78800'),
(177, 10, 'Jawa Tengah', 'Kabupaten', 'Kebumen', '54300'),
(178, 11, 'Jawa Timur', 'Kabupaten', 'Kediri', '64100'),
(179, 11, 'Jawa Timur', 'Kota', 'Kediri', '64100'),
(180, 24, 'Papua', 'Kabupaten', 'Keerom', '99000'),
(181, 10, 'Jawa Tengah', 'Kabupaten', 'Kendal', '51300'),
(182, 30, 'Sulawesi Tenggara', 'Kota', 'Kendari', '93000'),
(183, 4, 'Bengkulu', 'Kabupaten', 'Kepahiang', '39172'),
(184, 17, 'Kepulauan Riau', 'Kabupaten', 'Kepulauan Anambas', '29700'),
(185, 19, 'Maluku', 'Kabupaten', 'Kepulauan Aru', '97600'),
(186, 32, 'Sumatera Barat', 'Kabupaten', 'Kepulauan Mentawai', '25391'),
(187, 26, 'Riau', 'Kabupaten', 'Kepulauan Meranti', '28700'),
(188, 31, 'Sulawesi Utara', 'Kabupaten', 'Kepulauan Sangihe', '95800'),
(189, 6, 'DKI Jakarta', 'Kabupaten', 'Kepulauan Seribu', '14530'),
(190, 31, 'Sulawesi Utara', 'Kabupaten', 'Kepulauan Siau Tagulandang Biaro (Sitaro)', '95800'),
(191, 20, 'Maluku Utara', 'Kabupaten', 'Kepulauan Sula', '97700'),
(192, 31, 'Sulawesi Utara', 'Kabupaten', 'Kepulauan Talaud', '95800'),
(193, 24, 'Papua', 'Kabupaten', 'Kepulauan Yapen (Yapen Waropen)', '98200'),
(194, 8, 'Jambi', 'Kabupaten', 'Kerinci', '37100'),
(195, 12, 'Kalimantan Barat', 'Kabupaten', 'Ketapang', '78800'),
(196, 10, 'Jawa Tengah', 'Kabupaten', 'Klaten', '57400'),
(197, 1, 'Bali', 'Kabupaten', 'Klungkung', '80700'),
(198, 30, 'Sulawesi Tenggara', 'Kabupaten', 'Kolaka', '93500'),
(199, 30, 'Sulawesi Tenggara', 'Kabupaten', 'Kolaka Utara', '93500'),
(200, 30, 'Sulawesi Tenggara', 'Kabupaten', 'Konawe', '93400'),
(201, 30, 'Sulawesi Tenggara', 'Kabupaten', 'Konawe Selatan', '93000'),
(202, 30, 'Sulawesi Tenggara', 'Kabupaten', 'Konawe Utara', '93000'),
(203, 13, 'Kalimantan Selatan', 'Kabupaten', 'Kotabaru', '72100'),
(204, 31, 'Sulawesi Utara', 'Kota', 'Kotamobagu', '95700'),
(205, 14, 'Kalimantan Tengah', 'Kabupaten', 'Kotawaringin Barat', '74100'),
(206, 14, 'Kalimantan Tengah', 'Kabupaten', 'Kotawaringin Timur', '74300'),
(207, 26, 'Riau', 'Kabupaten', 'Kuantan Singingi', '29500'),
(208, 12, 'Kalimantan Barat', 'Kabupaten', 'Kubu Raya', '78000'),
(209, 10, 'Jawa Tengah', 'Kabupaten', 'Kudus', '59300'),
(210, 5, 'DI Yogyakarta', 'Kabupaten', 'Kulon Progo', '55600'),
(211, 9, 'Jawa Barat', 'Kabupaten', 'Kuningan', '45500'),
(212, 23, 'Nusa Tenggara Timur (NTT)', 'Kabupaten', 'Kupang', '85000'),
(213, 23, 'Nusa Tenggara Timur (NTT)', 'Kota', 'Kupang', '85000'),
(214, 15, 'Kalimantan Timur', 'Kabupaten', 'Kutai Barat', '75000'),
(215, 15, 'Kalimantan Timur', 'Kabupaten', 'Kutai Kartanegara', '75500'),
(216, 15, 'Kalimantan Timur', 'Kabupaten', 'Kutai Timur', '75556'),
(217, 34, 'Sumatera Utara', 'Kabupaten', 'Labuhan Batu', '21400'),
(218, 34, 'Sumatera Utara', 'Kabupaten', 'Labuhan Batu Selatan', '21400'),
(219, 34, 'Sumatera Utara', 'Kabupaten', 'Labuhan Batu Utara', '21400'),
(220, 33, 'Sumatera Selatan', 'Kabupaten', 'Lahat', '31400'),
(221, 14, 'Kalimantan Tengah', 'Kabupaten', 'Lamandau', '74100'),
(222, 11, 'Jawa Timur', 'Kabupaten', 'Lamongan', '62200'),
(223, 18, 'Lampung', 'Kabupaten', 'Lampung Barat', '35000'),
(224, 18, 'Lampung', 'Kabupaten', 'Lampung Selatan', '35000'),
(225, 18, 'Lampung', 'Kabupaten', 'Lampung Tengah', '34100'),
(226, 18, 'Lampung', 'Kabupaten', 'Lampung Timur', '34100'),
(227, 18, 'Lampung', 'Kabupaten', 'Lampung Utara', '34500'),
(228, 12, 'Kalimantan Barat', 'Kabupaten', 'Landak', '79357'),
(229, 34, 'Sumatera Utara', 'Kabupaten', 'Langkat', '20800'),
(230, 21, 'Nanggroe Aceh Darussalam (NAD)', 'Kota', 'Langsa', '24400'),
(231, 24, 'Papua', 'Kabupaten', 'Lanny Jaya', '99500'),
(232, 3, 'Banten', 'Kabupaten', 'Lebak', '42300'),
(233, 4, 'Bengkulu', 'Kabupaten', 'Lebong', '39200'),
(234, 23, 'Nusa Tenggara Timur (NTT)', 'Kabupaten', 'Lembata', '86600'),
(235, 21, 'Nanggroe Aceh Darussalam (NAD)', 'Kota', 'Lhokseumawe', '24300'),
(236, 32, 'Sumatera Barat', 'Kabupaten', 'Lima Puluh Koto/Kota', '26200'),
(237, 17, 'Kepulauan Riau', 'Kabupaten', 'Lingga', '29800'),
(238, 22, 'Nusa Tenggara Barat (NTB)', 'Kabupaten', 'Lombok Barat', '83363'),
(239, 22, 'Nusa Tenggara Barat (NTB)', 'Kabupaten', 'Lombok Tengah', '83500'),
(240, 22, 'Nusa Tenggara Barat (NTB)', 'Kabupaten', 'Lombok Timur', '83600'),
(241, 22, 'Nusa Tenggara Barat (NTB)', 'Kabupaten', 'Lombok Utara', '83300'),
(242, 33, 'Sumatera Selatan', 'Kota', 'Lubuk Linggau', '31600'),
(243, 11, 'Jawa Timur', 'Kabupaten', 'Lumajang', '67300'),
(244, 28, 'Sulawesi Selatan', 'Kabupaten', 'Luwu', '91900'),
(245, 28, 'Sulawesi Selatan', 'Kabupaten', 'Luwu Timur', '91900'),
(246, 28, 'Sulawesi Selatan', 'Kabupaten', 'Luwu Utara', '91900'),
(247, 11, 'Jawa Timur', 'Kabupaten', 'Madiun', '63100'),
(248, 11, 'Jawa Timur', 'Kota', 'Madiun', '63100'),
(249, 10, 'Jawa Tengah', 'Kabupaten', 'Magelang', '56100'),
(250, 10, 'Jawa Tengah', 'Kota', 'Magelang', '56100'),
(251, 11, 'Jawa Timur', 'Kabupaten', 'Magetan', '63300'),
(252, 9, 'Jawa Barat', 'Kabupaten', 'Majalengka', '45400'),
(253, 27, 'Sulawesi Barat', 'Kabupaten', 'Majene', '91400'),
(254, 28, 'Sulawesi Selatan', 'Kota', 'Makassar', '90000'),
(255, 11, 'Jawa Timur', 'Kabupaten', 'Malang', '65100'),
(256, 11, 'Jawa Timur', 'Kota', 'Malang', '65100'),
(257, 16, 'Kalimantan Utara', 'Kabupaten', 'Malinau', '77154'),
(258, 19, 'Maluku', 'Kabupaten', 'Maluku Barat Daya', '97000'),
(259, 19, 'Maluku', 'Kabupaten', 'Maluku Tengah', '97500'),
(260, 19, 'Maluku', 'Kabupaten', 'Maluku Tenggara', '97600'),
(261, 19, 'Maluku', 'Kabupaten', 'Maluku Tenggara Barat', '97600'),
(262, 27, 'Sulawesi Barat', 'Kabupaten', 'Mamasa', '91363'),
(263, 24, 'Papua', 'Kabupaten', 'Mamberamo Raya', '99500'),
(264, 24, 'Papua', 'Kabupaten', 'Mamberamo Tengah', '99500'),
(265, 27, 'Sulawesi Barat', 'Kabupaten', 'Mamuju', '91500'),
(266, 27, 'Sulawesi Barat', 'Kabupaten', 'Mamuju Utara', '91500'),
(267, 31, 'Sulawesi Utara', 'Kota', 'Manado', '95000'),
(268, 34, 'Sumatera Utara', 'Kabupaten', 'Mandailing Natal', '22919'),
(269, 23, 'Nusa Tenggara Timur (NTT)', 'Kabupaten', 'Manggarai', '86500'),
(270, 23, 'Nusa Tenggara Timur (NTT)', 'Kabupaten', 'Manggarai Barat', '86753'),
(271, 23, 'Nusa Tenggara Timur (NTT)', 'Kabupaten', 'Manggarai Timur', '86500'),
(272, 25, 'Papua Barat', 'Kabupaten', 'Manokwari', '98300'),
(273, 25, 'Papua Barat', 'Kabupaten', 'Manokwari Selatan', '98300'),
(274, 24, 'Papua', 'Kabupaten', 'Mappi', '99000'),
(275, 28, 'Sulawesi Selatan', 'Kabupaten', 'Maros', '90500'),
(276, 22, 'Nusa Tenggara Barat (NTB)', 'Kota', 'Mataram', '83000'),
(277, 25, 'Papua Barat', 'Kabupaten', 'Maybrat', '99000'),
(278, 34, 'Sumatera Utara', 'Kota', 'Medan', '20000'),
(279, 12, 'Kalimantan Barat', 'Kabupaten', 'Melawi', '78672'),
(280, 8, 'Jambi', 'Kabupaten', 'Merangin', '37300'),
(281, 24, 'Papua', 'Kabupaten', 'Merauke', '99600'),
(282, 18, 'Lampung', 'Kabupaten', 'Mesuji', '34500'),
(283, 18, 'Lampung', 'Kota', 'Metro', '34100'),
(284, 24, 'Papua', 'Kabupaten', 'Mimika', '99900'),
(285, 31, 'Sulawesi Utara', 'Kabupaten', 'Minahasa', '95600'),
(286, 31, 'Sulawesi Utara', 'Kabupaten', 'Minahasa Selatan', '95000'),
(287, 31, 'Sulawesi Utara', 'Kabupaten', 'Minahasa Tenggara', '95000'),
(288, 31, 'Sulawesi Utara', 'Kabupaten', 'Minahasa Utara', '95000'),
(289, 11, 'Jawa Timur', 'Kabupaten', 'Mojokerto', '61300'),
(290, 11, 'Jawa Timur', 'Kota', 'Mojokerto', '61300'),
(291, 29, 'Sulawesi Tengah', 'Kabupaten', 'Morowali', '94000'),
(292, 33, 'Sumatera Selatan', 'Kabupaten', 'Muara Enim', '31300'),
(293, 8, 'Jambi', 'Kabupaten', 'Muaro Jambi', '36365'),
(294, 4, 'Bengkulu', 'Kabupaten', 'Muko Muko', '38365'),
(295, 30, 'Sulawesi Tenggara', 'Kabupaten', 'Muna', '93600'),
(296, 14, 'Kalimantan Tengah', 'Kabupaten', 'Murung Raya', '73900'),
(297, 33, 'Sumatera Selatan', 'Kabupaten', 'Musi Banyuasin', '30700'),
(298, 33, 'Sumatera Selatan', 'Kabupaten', 'Musi Rawas', '31600'),
(299, 24, 'Papua', 'Kabupaten', 'Nabire', '98800'),
(300, 21, 'Nanggroe Aceh Darussalam (NAD)', 'Kabupaten', 'Nagan Raya', '23600'),
(301, 23, 'Nusa Tenggara Timur (NTT)', 'Kabupaten', 'Nagekeo', '86400'),
(302, 17, 'Kepulauan Riau', 'Kabupaten', 'Natuna', '29700'),
(303, 24, 'Papua', 'Kabupaten', 'Nduga', '99500'),
(304, 23, 'Nusa Tenggara Timur (NTT)', 'Kabupaten', 'Ngada', '86400'),
(305, 11, 'Jawa Timur', 'Kabupaten', 'Nganjuk', '64400'),
(306, 11, 'Jawa Timur', 'Kabupaten', 'Ngawi', '63200'),
(307, 34, 'Sumatera Utara', 'Kabupaten', 'Nias', '22800'),
(308, 34, 'Sumatera Utara', 'Kabupaten', 'Nias Barat', '22800'),
(309, 34, 'Sumatera Utara', 'Kabupaten', 'Nias Selatan', '22800'),
(310, 34, 'Sumatera Utara', 'Kabupaten', 'Nias Utara', '22800'),
(311, 16, 'Kalimantan Utara', 'Kabupaten', 'Nunukan', '77182'),
(312, 33, 'Sumatera Selatan', 'Kabupaten', 'Ogan Ilir', '30600'),
(313, 33, 'Sumatera Selatan', 'Kabupaten', 'Ogan Komering Ilir', '30600'),
(314, 33, 'Sumatera Selatan', 'Kabupaten', 'Ogan Komering Ulu', '32100'),
(315, 33, 'Sumatera Selatan', 'Kabupaten', 'Ogan Komering Ulu Selatan', '32100'),
(316, 33, 'Sumatera Selatan', 'Kabupaten', 'Ogan Komering Ulu Timur', '32100'),
(317, 11, 'Jawa Timur', 'Kabupaten', 'Pacitan', '63500'),
(318, 32, 'Sumatera Barat', 'Kota', 'Padang', '25000'),
(319, 34, 'Sumatera Utara', 'Kabupaten', 'Padang Lawas', '22700'),
(320, 34, 'Sumatera Utara', 'Kabupaten', 'Padang Lawas Utara', '22700'),
(321, 32, 'Sumatera Barat', 'Kota', 'Padang Panjang', '27100'),
(322, 32, 'Sumatera Barat', 'Kabupaten', 'Padang Pariaman', '25500'),
(323, 34, 'Sumatera Utara', 'Kota', 'Padang Sidempuan', '22700'),
(324, 33, 'Sumatera Selatan', 'Kota', 'Pagar Alam', '31500'),
(325, 34, 'Sumatera Utara', 'Kabupaten', 'Pakpak Bharat', '22200'),
(326, 14, 'Kalimantan Tengah', 'Kota', 'Palangka Raya', '73000'),
(327, 33, 'Sumatera Selatan', 'Kota', 'Palembang', '30000'),
(328, 28, 'Sulawesi Selatan', 'Kota', 'Palopo', '91900'),
(329, 29, 'Sulawesi Tengah', 'Kota', 'Palu', '94000'),
(330, 11, 'Jawa Timur', 'Kabupaten', 'Pamekasan', '69300'),
(331, 3, 'Banten', 'Kabupaten', 'Pandeglang', '42200'),
(332, 9, 'Jawa Barat', 'Kabupaten', 'Pangandaran', '46396'),
(333, 28, 'Sulawesi Selatan', 'Kabupaten', 'Pangkajene Kepulauan', '90600'),
(334, 2, 'Bangka Belitung', 'Kota', 'Pangkal Pinang', '33100'),
(335, 24, 'Papua', 'Kabupaten', 'Paniai', '98700'),
(336, 28, 'Sulawesi Selatan', 'Kota', 'Parepare', '91100'),
(337, 32, 'Sumatera Barat', 'Kota', 'Pariaman', '25500'),
(338, 29, 'Sulawesi Tengah', 'Kabupaten', 'Parigi Moutong', '94371'),
(339, 32, 'Sumatera Barat', 'Kabupaten', 'Pasaman', '26300'),
(340, 32, 'Sumatera Barat', 'Kabupaten', 'Pasaman Barat', '26300'),
(341, 15, 'Kalimantan Timur', 'Kabupaten', 'Paser', '76200'),
(342, 11, 'Jawa Timur', 'Kabupaten', 'Pasuruan', '67100'),
(343, 11, 'Jawa Timur', 'Kota', 'Pasuruan', '67100'),
(344, 10, 'Jawa Tengah', 'Kabupaten', 'Pati', '59100'),
(345, 32, 'Sumatera Barat', 'Kota', 'Payakumbuh', '26200'),
(346, 25, 'Papua Barat', 'Kabupaten', 'Pegunungan Arfak', '98300'),
(347, 24, 'Papua', 'Kabupaten', 'Pegunungan Bintang', '99500'),
(348, 10, 'Jawa Tengah', 'Kabupaten', 'Pekalongan', '51100'),
(349, 10, 'Jawa Tengah', 'Kota', 'Pekalongan', '51100'),
(350, 26, 'Riau', 'Kota', 'Pekanbaru', '28000'),
(351, 26, 'Riau', 'Kabupaten', 'Pelalawan', '28300'),
(352, 10, 'Jawa Tengah', 'Kabupaten', 'Pemalang', '52300'),
(353, 34, 'Sumatera Utara', 'Kota', 'Pematang Siantar', '21100'),
(354, 15, 'Kalimantan Timur', 'Kabupaten', 'Penajam Paser Utara', '76141'),
(355, 18, 'Lampung', 'Kabupaten', 'Pesawaran', '35000'),
(356, 18, 'Lampung', 'Kabupaten', 'Pesisir Barat', '34574'),
(357, 32, 'Sumatera Barat', 'Kabupaten', 'Pesisir Selatan', '25600'),
(358, 21, 'Nanggroe Aceh Darussalam (NAD)', 'Kabupaten', 'Pidie', '24100'),
(359, 21, 'Nanggroe Aceh Darussalam (NAD)', 'Kabupaten', 'Pidie Jaya', '24100'),
(360, 28, 'Sulawesi Selatan', 'Kabupaten', 'Pinrang', '91200'),
(361, 7, 'Gorontalo', 'Kabupaten', 'Pohuwato', '96200'),
(362, 27, 'Sulawesi Barat', 'Kabupaten', 'Polewali Mandar', '91300'),
(363, 11, 'Jawa Timur', 'Kabupaten', 'Ponorogo', '63400'),
(364, 12, 'Kalimantan Barat', 'Kabupaten', 'Pontianak', '78000'),
(365, 12, 'Kalimantan Barat', 'Kota', 'Pontianak', '78000'),
(366, 29, 'Sulawesi Tengah', 'Kabupaten', 'Poso', '94600'),
(367, 33, 'Sumatera Selatan', 'Kota', 'Prabumulih', '31100'),
(368, 18, 'Lampung', 'Kabupaten', 'Pringsewu', '35373'),
(369, 11, 'Jawa Timur', 'Kabupaten', 'Probolinggo', '67200'),
(370, 11, 'Jawa Timur', 'Kota', 'Probolinggo', '67200'),
(371, 14, 'Kalimantan Tengah', 'Kabupaten', 'Pulang Pisau', '73561'),
(372, 20, 'Maluku Utara', 'Kabupaten', 'Pulau Morotai', '97771'),
(373, 24, 'Papua', 'Kabupaten', 'Puncak', '98900'),
(374, 24, 'Papua', 'Kabupaten', 'Puncak Jaya', '98900'),
(375, 10, 'Jawa Tengah', 'Kabupaten', 'Purbalingga', '53300'),
(376, 9, 'Jawa Barat', 'Kabupaten', 'Purwakarta', '41100'),
(377, 10, 'Jawa Tengah', 'Kabupaten', 'Purworejo', '54100'),
(378, 25, 'Papua Barat', 'Kabupaten', 'Raja Ampat', '98400'),
(379, 4, 'Bengkulu', 'Kabupaten', 'Rejang Lebong', '39100'),
(380, 10, 'Jawa Tengah', 'Kabupaten', 'Rembang', '59200'),
(381, 26, 'Riau', 'Kabupaten', 'Rokan Hilir', '28991'),
(382, 26, 'Riau', 'Kabupaten', 'Rokan Hulu', '28455'),
(383, 23, 'Nusa Tenggara Timur (NTT)', 'Kabupaten', 'Rote Ndao', '85974'),
(384, 21, 'Nanggroe Aceh Darussalam (NAD)', 'Kota', 'Sabang', '23500'),
(385, 23, 'Nusa Tenggara Timur (NTT)', 'Kabupaten', 'Sabu Raijua', '85391'),
(386, 10, 'Jawa Tengah', 'Kota', 'Salatiga', '50700'),
(387, 15, 'Kalimantan Timur', 'Kota', 'Samarinda', '75000'),
(388, 12, 'Kalimantan Barat', 'Kabupaten', 'Sambas', '79400'),
(389, 34, 'Sumatera Utara', 'Kabupaten', 'Samosir', '22300'),
(390, 11, 'Jawa Timur', 'Kabupaten', 'Sampang', '69200'),
(391, 12, 'Kalimantan Barat', 'Kabupaten', 'Sanggau', '78500'),
(392, 24, 'Papua', 'Kabupaten', 'Sarmi', '99373'),
(393, 8, 'Jambi', 'Kabupaten', 'Sarolangun', '37300'),
(394, 32, 'Sumatera Barat', 'Kota', 'Sawah Lunto', '27400'),
(395, 12, 'Kalimantan Barat', 'Kabupaten', 'Sekadau', '78582'),
(396, 28, 'Sulawesi Selatan', 'Kabupaten', 'Selayar (Kepulauan Selayar)', '92800'),
(397, 4, 'Bengkulu', 'Kabupaten', 'Seluma', '38000'),
(398, 10, 'Jawa Tengah', 'Kabupaten', 'Semarang', '50000'),
(399, 10, 'Jawa Tengah', 'Kota', 'Semarang', '50000'),
(400, 19, 'Maluku', 'Kabupaten', 'Seram Bagian Barat', '97500'),
(401, 19, 'Maluku', 'Kabupaten', 'Seram Bagian Timur', '97500'),
(402, 3, 'Banten', 'Kabupaten', 'Serang', '42100'),
(403, 3, 'Banten', 'Kota', 'Serang', '42100'),
(404, 34, 'Sumatera Utara', 'Kabupaten', 'Serdang Bedagai', '20000'),
(405, 14, 'Kalimantan Tengah', 'Kabupaten', 'Seruyan', '74200'),
(406, 26, 'Riau', 'Kabupaten', 'Siak', '28686'),
(407, 34, 'Sumatera Utara', 'Kota', 'Sibolga', '22500'),
(408, 28, 'Sulawesi Selatan', 'Kabupaten', 'Sidenreng Rappang/Rapang', '91600'),
(409, 11, 'Jawa Timur', 'Kabupaten', 'Sidoarjo', '61200'),
(410, 29, 'Sulawesi Tengah', 'Kabupaten', 'Sigi', '94000'),
(411, 32, 'Sumatera Barat', 'Kabupaten', 'Sijunjung (Sawah Lunto Sijunjung)', '27500'),
(412, 23, 'Nusa Tenggara Timur (NTT)', 'Kabupaten', 'Sikka', '86100'),
(413, 34, 'Sumatera Utara', 'Kabupaten', 'Simalungun', '21100'),
(414, 21, 'Nanggroe Aceh Darussalam (NAD)', 'Kabupaten', 'Simeulue', '23000'),
(415, 12, 'Kalimantan Barat', 'Kota', 'Singkawang', '79100'),
(416, 28, 'Sulawesi Selatan', 'Kabupaten', 'Sinjai', '92600'),
(417, 12, 'Kalimantan Barat', 'Kabupaten', 'Sintang', '78600'),
(418, 11, 'Jawa Timur', 'Kabupaten', 'Situbondo', '68300'),
(419, 5, 'DI Yogyakarta', 'Kabupaten', 'Sleman', '55500'),
(420, 32, 'Sumatera Barat', 'Kabupaten', 'Solok', '27300'),
(421, 32, 'Sumatera Barat', 'Kota', 'Solok', '27300'),
(422, 32, 'Sumatera Barat', 'Kabupaten', 'Solok Selatan', '27300'),
(423, 28, 'Sulawesi Selatan', 'Kabupaten', 'Soppeng', '90800'),
(424, 25, 'Papua Barat', 'Kabupaten', 'Sorong', '98400'),
(425, 25, 'Papua Barat', 'Kota', 'Sorong', '98400'),
(426, 25, 'Papua Barat', 'Kabupaten', 'Sorong Selatan', '98400'),
(427, 10, 'Jawa Tengah', 'Kabupaten', 'Sragen', '57200'),
(428, 9, 'Jawa Barat', 'Kabupaten', 'Subang', '41200'),
(429, 21, 'Nanggroe Aceh Darussalam (NAD)', 'Kota', 'Subulussalam', '23782'),
(430, 9, 'Jawa Barat', 'Kabupaten', 'Sukabumi', '43100'),
(431, 9, 'Jawa Barat', 'Kota', 'Sukabumi', '43100'),
(432, 14, 'Kalimantan Tengah', 'Kabupaten', 'Sukamara', '74172'),
(433, 10, 'Jawa Tengah', 'Kabupaten', 'Sukoharjo', '57500'),
(434, 23, 'Nusa Tenggara Timur (NTT)', 'Kabupaten', 'Sumba Barat', '87200'),
(435, 23, 'Nusa Tenggara Timur (NTT)', 'Kabupaten', 'Sumba Barat Daya', '87200'),
(436, 23, 'Nusa Tenggara Timur (NTT)', 'Kabupaten', 'Sumba Tengah', '87200'),
(437, 23, 'Nusa Tenggara Timur (NTT)', 'Kabupaten', 'Sumba Timur', '87100'),
(438, 22, 'Nusa Tenggara Barat (NTB)', 'Kabupaten', 'Sumbawa', '84300'),
(439, 22, 'Nusa Tenggara Barat (NTB)', 'Kabupaten', 'Sumbawa Barat', '84300'),
(440, 9, 'Jawa Barat', 'Kabupaten', 'Sumedang', '45300'),
(441, 11, 'Jawa Timur', 'Kabupaten', 'Sumenep', '69400'),
(442, 8, 'Jambi', 'Kota', 'Sungaipenuh', '37100'),
(443, 24, 'Papua', 'Kabupaten', 'Supiori', '98100'),
(444, 11, 'Jawa Timur', 'Kota', 'Surabaya', '60000'),
(445, 10, 'Jawa Tengah', 'Kota', 'Surakarta (Solo)', '57100'),
(446, 13, 'Kalimantan Selatan', 'Kabupaten', 'Tabalong', '71500'),
(447, 1, 'Bali', 'Kabupaten', 'Tabanan', '82100'),
(448, 28, 'Sulawesi Selatan', 'Kabupaten', 'Takalar', '92200'),
(449, 25, 'Papua Barat', 'Kabupaten', 'Tambrauw', '98400'),
(450, 16, 'Kalimantan Utara', 'Kabupaten', 'Tana Tidung', '77152'),
(451, 28, 'Sulawesi Selatan', 'Kabupaten', 'Tana Toraja', '91800'),
(452, 13, 'Kalimantan Selatan', 'Kabupaten', 'Tanah Bumbu', '70000'),
(453, 32, 'Sumatera Barat', 'Kabupaten', 'Tanah Datar', '27200'),
(454, 13, 'Kalimantan Selatan', 'Kabupaten', 'Tanah Laut', '70800'),
(455, 3, 'Banten', 'Kabupaten', 'Tangerang', '15000'),
(456, 3, 'Banten', 'Kota', 'Tangerang', '15000'),
(457, 3, 'Banten', 'Kota', 'Tangerang Selatan', '15000'),
(458, 18, 'Lampung', 'Kabupaten', 'Tanggamus', '35000'),
(459, 34, 'Sumatera Utara', 'Kota', 'Tanjung Balai', '21300'),
(460, 8, 'Jambi', 'Kabupaten', 'Tanjung Jabung Barat', '36500'),
(461, 8, 'Jambi', 'Kabupaten', 'Tanjung Jabung Timur', '36500'),
(462, 17, 'Kepulauan Riau', 'Kota', 'Tanjung Pinang', '29100'),
(463, 34, 'Sumatera Utara', 'Kabupaten', 'Tapanuli Selatan', '22700'),
(464, 34, 'Sumatera Utara', 'Kabupaten', 'Tapanuli Tengah', '22500'),
(465, 34, 'Sumatera Utara', 'Kabupaten', 'Tapanuli Utara', '22400'),
(466, 13, 'Kalimantan Selatan', 'Kabupaten', 'Tapin', '71100'),
(467, 16, 'Kalimantan Utara', 'Kota', 'Tarakan', '77100'),
(468, 9, 'Jawa Barat', 'Kabupaten', 'Tasikmalaya', '46100'),
(469, 9, 'Jawa Barat', 'Kota', 'Tasikmalaya', '46100'),
(470, 34, 'Sumatera Utara', 'Kota', 'Tebing Tinggi', '20600'),
(471, 8, 'Jambi', 'Kabupaten', 'Tebo', '37200'),
(472, 10, 'Jawa Tengah', 'Kabupaten', 'Tegal', '52100'),
(473, 10, 'Jawa Tengah', 'Kota', 'Tegal', '52100'),
(474, 25, 'Papua Barat', 'Kabupaten', 'Teluk Bintuni', '98300'),
(475, 25, 'Papua Barat', 'Kabupaten', 'Teluk Wondama', '98300'),
(476, 10, 'Jawa Tengah', 'Kabupaten', 'Temanggung', '56200'),
(477, 20, 'Maluku Utara', 'Kota', 'Ternate', '97700'),
(478, 20, 'Maluku Utara', 'Kota', 'Tidore Kepulauan', '97800'),
(479, 23, 'Nusa Tenggara Timur (NTT)', 'Kabupaten', 'Timor Tengah Selatan', '85500'),
(480, 23, 'Nusa Tenggara Timur (NTT)', 'Kabupaten', 'Timor Tengah Utara', '85600'),
(481, 34, 'Sumatera Utara', 'Kabupaten', 'Toba Samosir', '22300'),
(482, 29, 'Sulawesi Tengah', 'Kabupaten', 'Tojo Una-Una', '94600'),
(483, 29, 'Sulawesi Tengah', 'Kabupaten', 'Toli-Toli', '94500'),
(484, 24, 'Papua', 'Kabupaten', 'Tolikara', '99562'),
(485, 31, 'Sulawesi Utara', 'Kota', 'Tomohon', '95362'),
(486, 28, 'Sulawesi Selatan', 'Kabupaten', 'Toraja Utara', '91890'),
(487, 11, 'Jawa Timur', 'Kabupaten', 'Trenggalek', '66300'),
(488, 19, 'Maluku', 'Kota', 'Tual', '97600'),
(489, 11, 'Jawa Timur', 'Kabupaten', 'Tuban', '62300'),
(490, 18, 'Lampung', 'Kabupaten', 'Tulang Bawang', '34500'),
(491, 18, 'Lampung', 'Kabupaten', 'Tulang Bawang Barat', '34500'),
(492, 11, 'Jawa Timur', 'Kabupaten', 'Tulungagung', '66200'),
(493, 28, 'Sulawesi Selatan', 'Kabupaten', 'Wajo', '90900'),
(494, 30, 'Sulawesi Tenggara', 'Kabupaten', 'Wakatobi', '93700'),
(495, 24, 'Papua', 'Kabupaten', 'Waropen', '98200'),
(496, 18, 'Lampung', 'Kabupaten', 'Way Kanan', '35000'),
(497, 10, 'Jawa Tengah', 'Kabupaten', 'Wonogiri', '57600'),
(498, 10, 'Jawa Tengah', 'Kabupaten', 'Wonosobo', '56300'),
(499, 24, 'Papua', 'Kabupaten', 'Yahukimo', '99500'),
(500, 24, 'Papua', 'Kabupaten', 'Yalimo', '99500'),
(501, 5, 'DI Yogyakarta', 'Kota', 'Yogyakarta', '55000');

-- --------------------------------------------------------

--
-- Table structure for table `cs_customer`
--

CREATE TABLE `cs_customer` (
  `id` int(11) NOT NULL,
  `email` varchar(200) NOT NULL,
  `pass` varchar(100) NOT NULL,
  `group_member_id` int(11) NOT NULL,
  `first_name` varchar(100) NOT NULL,
  `last_name` varchar(100) NOT NULL,
  `telp` varchar(20) NOT NULL,
  `date_join` datetime NOT NULL,
  `last_login` datetime NOT NULL,
  `status` int(11) NOT NULL,
  `data` text NOT NULL
) ENGINE=MyISAM DEFAULT CHARSET=latin1;

-- --------------------------------------------------------

--
-- Table structure for table `cs_customer_address`
--

CREATE TABLE `cs_customer_address` (
  `id` int(11) NOT NULL,
  `customer_id` int(11) NOT NULL,
  `first_name` varchar(100) NOT NULL,
  `last_name` varchar(100) NOT NULL,
  `address` text NOT NULL,
  `city` varchar(100) NOT NULL,
  `postal_code` varchar(100) NOT NULL,
  `phone` varchar(100) NOT NULL,
  `country_code` varchar(10) NOT NULL,
  `data` text NOT NULL
) ENGINE=MyISAM DEFAULT CHARSET=latin1;

-- --------------------------------------------------------

--
-- Table structure for table `factory`
--

CREATE TABLE `factory` (
  `id` int(25) NOT NULL,
  `nama` varchar(225) NOT NULL,
  `alamat` text NOT NULL,
  `telp` varchar(20) NOT NULL,
  `email` varchar(200) NOT NULL,
  `peta` text NOT NULL
) ENGINE=InnoDB DEFAULT CHARSET=latin1;

--
-- Dumping data for table `factory`
--

INSERT INTO `factory` (`id`, `nama`, `alamat`, `telp`, `email`, `peta`) VALUES
(3, 'FACTORY BOJONEGORO', 'Jl. Mahakam 225\r\nBojonegoro 20456\r\nEast Java', '+62 31 5015588', 'factory@realfood.id', 'https://www.google.com/maps/embed?pb=!1m18!1m12!1m3!1d3958.8424071457857!2d111.89208239273015!3d-7.144214893503072!2m3!1f0!2f0!3f0!3m2!1i1024!2i768!4f13.1!3m3!1m2!1s0x2e7782210551c057%3A0x247ac1865eaf2a1a!2sJl.+Jaksa+Agung+Suprapto%2C+Kec.+Bojonegoro%2C+Bojonegoro%2C+Jawa+Timur!5e0!3m2!1sid!2sid!4v1449301118786'),
(4, 'OFFICE SURABAYA', 'Jl. Ngagel Jaya 12\r\nSurabaya 60456\r\nEast Java', '+62 31 5015588', 'office@realfood.id', 'https://www.google.com/maps/embed?pb=!1m18!1m12!1m3!1d3958.8424071457857!2d111.89208239273015!3d-7.144214893503072!2m3!1f0!2f0!3f0!3m2!1i1024!2i768!4f13.1!3m3!1m2!1s0x2e7782210551c057%3A0x247ac1865eaf2a1a!2sJl.+Jaksa+Agung+Suprapto%2C+Kec.+Bojonegoro%2C+Bojonegoro%2C+Jawa+Timur!5e0!3m2!1sid!2sid!4v1449301118786'),
(5, 'OFFICE JAKARTA', 'Jl. Mahakam 225\r\nSidoarjo 20456\r\nEast Java', '+62 31 5015588', 'realfood@realfood.id', 'https://www.google.com/maps/embed?pb=!1m18!1m12!1m3!1d1978.075813030622!2d112.71914446656403!3d-7.448471635049679!2m3!1f0!2f0!3f0!3m2!1i1024!2i768!4f13.1!3m3!1m2!1s0x2dd7e6b5e9bccdbd%3A0xfb1776699d75a67a!2sJl.+Jaksa+Agung+Suprapto%2C+Kec.+Sidoarjo%2C+Sidoarjo%2C+Jawa+Timur!5e0!3m2!1sid!2sid!4v1450785636022');

-- --------------------------------------------------------

--
-- Table structure for table `faq`
--

CREATE TABLE `faq` (
  `id` int(11) NOT NULL,
  `question` varchar(200) NOT NULL,
  `answer` text NOT NULL,
  `sort` int(11) NOT NULL
) ENGINE=InnoDB DEFAULT CHARSET=latin1;

--
-- Dumping data for table `faq`
--

INSERT INTO `faq` (`id`, `question`, `answer`, `sort`) VALUES
(4, 'Apa manfaat utama produk Xado Revitalizant?', 'Xado Revitalizant dapat memberikan perlindungan pada mesin agar terjaga dari keausan sehingga mempermudah anda dalam merawat mesin', 1),
(5, 'Apa yang membedakan produk Xado dengan produk – produk additive yang lain?', 'Xado bukanlah additive, namun merupakan produk revitalizant. Additive memperbaiki kulitas oli sedangkan Xado memperbaiki kualiatas mesin. Additive bercampur dengan oli sedangkan Xado hanya menggunakan oli sebagai media untuk bereaksi dengan lapisan mesin yang mengalami keausan', 2),
(6, 'Apakah produk Xado Revitalizant dapat digunakan untuk merek oli apa saja?', 'Bisa, karena Xado tidak bereaksi dengan oli sehingga tidak berpengaruh jika menggunakan merek oli apa saja selama oli yang digunakan masih baru', 3),
(7, 'Produk Xado dapat digunakan untuk mesin apa saja?', 'Xado dapat digunakan untuk mesin apa saja selama di dalam mesin tersebut terdapat komponen dua logam yang bergesekan dengan temperature yang tinggi serta menggunakan pelumasan. Misalnya : Mesin kendaraan bermotor, Genset, Kompresor, Hidrolis, Gearbox, Alat pemotong rumput dan lain – lain', 4),
(8, 'Apakah  setiap ganti oli saya harus memasukkan produk Xado kembali', 'Tidak perlu, karena produk Xado akan tetap melekat dalam permukaan mesin selama 100.000 km jika  setelah memasukkan produk Xado penggantian oli dilakukan setelah 4.000 km. Pada kilometer tersebut proses revitalisasi sudah sempurna sehingga produk Xado tidak akan ikut terbuang meskipun dilakukan pergantian oli yang berulang – ulang', 5),
(9, 'Apa yang membuat produk Xado tetap melekat pada permukaan mesin meskipun oli di buang?', 'Reviltalizant bekerja dengan prinsip nanopartikel. Pada saat temperatur dan tekanan tinggi produk Xado bereaksi dengan logam permukaan mesin membentuk karbida logam yang meresap ke permukaan logam dengan ukuran yang sangat kecil (nanometer)', 6),
(10, 'Apakah produk Xado Revitalizant bisa digunakan untuk bahan bakar solar?', 'Bisa, Xado memiliki berbagai macam produk yang digunakan untuk bahan bakar bensin, solar dan gas (BBG)', 7),
(11, 'Apakah produk Xado bisa menghemat bahan bakar?', 'Prinsip utama produk Xado adalah membentuk lapisan baru pada permukaan mesin sehingga dengan usaha yang sama dengan sebelumnya (putaran) mesin bekerja dengan tenaga yang lebih, maka terjadilah penghematan bahan bakar.', 8),
(12, 'Apa yang membedakan antara Xado One Stage dengan AMC New Car atau AMC Maximum?', 'Pada dasarnya Xado One Stage dan AMC memiliki kandungan Revitlaizant yang sama, yang menjadi perbedaan adalah dalam AMC terdapat dua zat lain yaitu metal conditioner dan sliding agent yang membuat proses revitalisasi jadi lebih cepat. Sedangkan untuk perbedaan AMC new Car dengan Maximum adalah jika New car digunakan untuk mesin mobil yang odometernya dibawah 20.000 km sedangkan Maximum digunakan untuk mobil dengan odometer lebih dari 20.000 km', 9),
(13, 'Odometer mobil saya adalah 150.000 km, apakah masih bisa menggunakan produk Xado Revitalizant?', 'Bisa, namun karena odometer telah mencapai 150.000 yang dapat digolongkan mesin yang lama maka sebelum dimasukkan produk AMC Maximum, sistem pelumasannya harus di bersihkan dengan produk Vitaflush demi menjamin keefektifan Revitalizant', 10),
(14, 'JIka saya sudah mengganti oli dan sudah berjalan 600 km apakah masih bisa dimasukkan produk Xado tanpa mengganti oli baru?', 'Bisa, selama odometer belum mencapai 1000 km maka bisa dimasukkan produk Xado Revitalizant tanpa mengganti oli', 11),
(15, 'Jika kendaran saya mengalami kebocoran oli apakah bisa bisa ditanggulangi oleh produk Xado?', 'Bisa, selama kebocoran oli tersebut tidak lebih dari 15% selama jarak tempuh 1000 km dan kebocoran tidak terjadi pada gasket atau seal – sealnya', 12),
(16, 'Jika asap putih sudah keluar dari saluran pembuangan apakah masih bisa ditanggulangi dengan produk Xado?', 'Biasanya jika sudah mengeluarkan asap berwarna putih pekat maka kebocoran telah lebih dari 15% maka produk Xado tidak dapat menganggulangi kebocoran mesin', 13),
(17, 'Mesin mobil saya mengalami “kepincangan”, apakah masih bisa digunakan produk Xado?', 'Produk Xado hanya dapat mengatasi problematika mesin yang sederhana, jika mesin sudah mengalami kepincangan disarankan untuk memeperbaiki sistem di dalam silinder terlebih dahulu, lalu setelah itu di masukkan produk Xado untuk menjaga mesin agar tidak terjadi kepincangan kembali', 14),
(18, 'Apakah petroltank dapat merubah premium yang kita pakai menjadi pertamax?', 'Prinsip utama petroltank adalah membersihkan zat pengotor pada bahan bakar dan saluran  bahan bakar sehingga dapat memperbaiki kualitas premium namun tidak untuk menaikkan nilai oktan. Jadi premium menjadi lebih bersih namun tidak berubah jadi pertamax', 15),
(19, 'Apakah ada produk Xado untuk menaikkan nilai oktan dan nilai cetan?', 'Ada, Octane Booster dapat menaikkan nilai oktan hingga 6 poin, sedangkan Cetane Booster dapat menaikkan nilai cetane hingga 7 poin', 16),
(20, 'Apakah terdapat produk Xado untuk sepeda motor dua tak? Dan bagaimana cara penggunaannya?', 'Produk Xado untuk motor adalah Small Engine, dapat digunakan baik untuk 4 tak ataupun dua tak. Cara penggunaannya adalah untuk 4 tak produk xado di masukkan pada tabung pengisian oli sedangkan untuk 2 tak produk Xado dimasukkan ke dalam tabung bahan bakar karena dalam 2 tak oli bercampur dengan bahan bakar', 17),
(21, 'Apakah perbedaan oli Xado dengan merek – merek oli yang lain?', 'Di dalam produk xado terdapat revitalizant, sehingga oli Xado tidak hanya berfungsi sebagai pelumas tapi juga berfungsi sebagai pelindung dari keausan. Oli Xado juga memiliki umur pakai yang lebih lama dibandingkan dengan oli yang lain', 18),
(22, 'Apakah saya hanya memasukkan produk Xado Revitalizant tanpa perlu menggunakan oli khusus Xado?', 'Karena pada dasarnya Xado Revitalizant dapat digunakan dapat digunakan untuk semua merek oli maka Xado revitalizant bisa digunakan tanpa perlu menggunakan oli khusus Xado, namun agar perlindungan kendaraan anda lebih maksimal maka kami merekomendasikan untuk menggunakan oli Xado juga', 19),
(23, 'Apakah Xado dapat di gunakan untuk mesin – mesin industri?', 'Kami memiliki produk untuk mesin – mesin industry seperti XGR for Compresor, XGR 3 Stage dan XGR 1 stage untuk genset dan alat – alat berat serta XGR for Hidrolics untuk mesin – mesin hidrolis', 20);

-- --------------------------------------------------------

--
-- Table structure for table `gal_gallery`
--

CREATE TABLE `gal_gallery` (
  `id` int(11) NOT NULL,
  `topik_id` int(11) NOT NULL,
  `image` varchar(255) NOT NULL,
  `active` int(11) NOT NULL,
  `date_input` datetime NOT NULL,
  `date_update` datetime NOT NULL,
  `insert_by` varchar(255) NOT NULL,
  `last_update_by` varchar(255) NOT NULL,
  `writer` varchar(200) NOT NULL,
  `city` varchar(100) NOT NULL,
  `harga` int(11) NOT NULL,
  `orientation` int(11) NOT NULL,
  `color` varchar(100) NOT NULL,
  `image2` varchar(200) NOT NULL
) ENGINE=MyISAM DEFAULT CHARSET=latin1;

--
-- Dumping data for table `gal_gallery`
--

INSERT INTO `gal_gallery` (`id`, `topik_id`, `image`, `active`, `date_input`, `date_update`, `insert_by`, `last_update_by`, `writer`, `city`, `harga`, `orientation`, `color`, `image2`) VALUES
(8, 0, '8d0d3-how_to_become_a_barista.jpg', 1, '2017-02-22 10:36:21', '2017-02-22 10:36:55', 'deoryzpandu@gmail.com', 'deoryzpandu@gmail.com', '', '', 0, 0, '', ''),
(6, 0, 'd0f25-coffee-cup.jpg', 1, '2017-02-22 22:33:00', '2017-02-22 10:35:15', 'deoryzpandu@gmail.com', 'deoryzpandu@gmail.com', '', '', 0, 0, '', ''),
(7, 0, 'ddc01-o-BARISTA1205-facebook.jpg', 1, '2017-02-22 10:35:42', '2017-02-22 10:36:10', 'deoryzpandu@gmail.com', 'deoryzpandu@gmail.com', '', '', 0, 0, '', '');

-- --------------------------------------------------------

--
-- Table structure for table `gal_gallery_description`
--

CREATE TABLE `gal_gallery_description` (
  `id` int(11) NOT NULL,
  `gallery_id` int(11) NOT NULL,
  `language_id` int(11) NOT NULL,
  `title` varchar(255) NOT NULL,
  `sub_title` text NOT NULL,
  `sub_title_2` text NOT NULL,
  `content` text NOT NULL
) ENGINE=MyISAM DEFAULT CHARSET=latin1;

--
-- Dumping data for table `gal_gallery_description`
--

INSERT INTO `gal_gallery_description` (`id`, `gallery_id`, `language_id`, `title`, `sub_title`, `sub_title_2`, `content`) VALUES
(8, 1, 2, 'Connecting Souls', 'PRE WEDDING OF JAMES & HANNAH', '', '<p>\r\n     Lorem ipsum dolor sit amet, consectetur adipiscing elit. Duis feugiat  eu magna id laoreet. Donec accumsan mauris congue consectetur congue.  Morbi rutrum ipsum nec ligula convallis viverra. Fusce vehicula  efficitur nisl in aliquam. Nullam non dictum ligula. Nunc in orci  viverra, consequat sapien ac, auctor erat. Sed rutrum tincidunt dictum.  Maecenas pharetra lobortis volutpat. Cras euismod ultricies nisl vitae  bibendum. Vestibulum eget lorem a sem aliquet mattis id sodales purus.  Praesent finibus aliquam laoreet. Vivamus vel tortor nec justo mattis  venenatis. Fusce varius tellus sit amet purus varius tempus.\r\n</p>\r\n<p>\r\n     Donec enim lectus, condimentum a fermentum  eget, volutpat sit amet nisl. Nunc sit amet enim sagittis, congue nunc  id, euismod nulla. Nullam porttitor mi tortor, vitae vulputate leo  egestas vel. Pellentesque convallis vestibulum nisl pretium hendrerit.  Donec egestas, mauris ut molestie posuere, mauris mauris porta libero,  tristique imperdiet turpis nisl sed arcu. Quisque at augue non felis  facilisis semper ac a orci. Cras porta nulla consectetur arcu finibus  blandit. Mauris sodales, risus sit amet dictum cursus, orci lorem  egestas dui, maximus viverra tortor odio imperdiet quam. Donec placerat,  mi eu vestibulum luctus, augue metus consequat enim, varius accumsan  quam erat eleifend ante. Fusce porta ipsum vitae nibh interdum, vel  elementum odio aliquet. Ut dui tortor, convallis eget finibus vitae,  malesuada sed justo. Mauris tempor in nibh quis sodales.\r\n</p>'),
(9, 2, 2, 'Connecting Souls', 'PRE WEDDING OF JAMES & HANNAH', '', '<p>\r\n Lorem ipsum dolor sit amet, consectetur adipisicing elit. Quibusdam quaerat deserunt quod dignissimos consectetur id atque maxime at natus, ipsum. Eaque adipisci sit blanditiis error. Perspiciatis debitis ducimus doloribus odit animi doloremque dolore, laboriosam commodi voluptates nobis similique optio sunt.\r\n</p>\r\n<p>\r\n Lorem ipsum dolor sit amet, consectetur adipisicing elit. Hic suscipit aperiam repellendus minima enim ipsa iure minus ab velit! At nam, ducimus blanditiis earum quis ad neque, voluptates aspernatur veritatis.\r\n</p>'),
(60, 3, 2, 'Soon', '', 'WE ARE STILL COOKING', '<p>\r\n               We still cooking for finding the best taste &amp; ingriedients, get ready for Realfit new variant soon.\r\n</p>'),
(62, 4, 2, 'BARISTA WORSKHOP', 'SYDNEY, NSW', '', '<p>\r\n                 We still cooking for finding the best taste &amp; ingriedients, get ready for Realfit new variant soon.\r\n</p>'),
(57, 5, 2, 'CLASSIC', 'Drink With Purpose', 'Bird\'s Nest Daily Drink', '<p>\r\n                              Bird\'s Nest Daily drink with Classic variant. Low calories because sweetened with natural stevia leaves\r\n</p>'),
(63, 6, 2, 'BARISTA WORSKHOP', 'SYDNEY, NSW', '', '<p>\r\n   Lorem ipsum dolor sit amet, consectetur adipisicing elit. Molestiae dolores labore explicabo, deserunt doloribus nulla delectus dignissimos magni repellendus, officia.\r\n</p>\r\n<p>\r\n  Lorem ipsum dolor sit amet, consectetur adipisicing elit. Molestiae dolores labore explicabo, deserunt doloribus nulla delectus dignissimos magni repellendus, officia.\r\n</p>'),
(64, 7, 2, 'CUPPING COMPETITION', 'SYDNEY, NSW', '', '<p>\r\n   Lorem ipsum dolor sit amet, consectetur adipisicing elit. Molestiae  dolores labore explicabo, deserunt doloribus nulla delectus dignissimos  magni repellendus, officia.\r\n</p>\r\n<p>\r\n    Lorem ipsum dolor sit amet, consectetur adipisicing elit. Molestiae  dolores labore explicabo, deserunt doloribus nulla delectus dignissimos  magni repellendus, officia.\r\n</p>\r\n<p>\r\n    Lorem ipsum dolor sit amet, consectetur adipisicing elit. Molestiae  dolores labore explicabo, deserunt doloribus nulla delectus dignissimos  magni repellendus, officia.\r\n</p>\r\n<p>\r\n    Lorem ipsum dolor sit amet, consectetur adipisicing elit. Molestiae  dolores labore explicabo, deserunt doloribus nulla delectus dignissimos  magni repellendus, officia.\r\n</p>'),
(65, 8, 2, 'NEW PRODUCT LAUNCH', 'SYDNEY, NSW', '', '<p>\r\n    Lorem ipsum dolor sit amet, consectetur adipisicing elit. Molestiae  dolores labore explicabo, deserunt doloribus nulla delectus dignissimos  magni repellendus, officia.\r\n</p>\r\n<p>\r\n    Lorem ipsum dolor sit amet, consectetur adipisicing elit. Molestiae  dolores labore explicabo, deserunt doloribus nulla delectus dignissimos  magni repellendus, officia.\r\n</p>\r\n<p>\r\n    Lorem ipsum dolor sit amet, consectetur adipisicing elit. Molestiae  dolores labore explicabo, deserunt doloribus nulla delectus dignissimos  magni repellendus, officia.\r\n</p>\r\n<p>\r\n    Lorem ipsum dolor sit amet, consectetur adipisicing elit. Molestiae  dolores labore explicabo, deserunt doloribus nulla delectus dignissimos  magni repellendus, officia.\r\n</p>');

-- --------------------------------------------------------

--
-- Table structure for table `gal_gallery_image`
--

CREATE TABLE `gal_gallery_image` (
  `id` int(11) NOT NULL,
  `gallery_id` int(11) NOT NULL,
  `image` varchar(200) NOT NULL
) ENGINE=MyISAM DEFAULT CHARSET=latin1;

--
-- Dumping data for table `gal_gallery_image`
--

INSERT INTO `gal_gallery_image` (`id`, `gallery_id`, `image`) VALUES
(24, 1, '5a715-Bombay pre wedding shoot.jpg'),
(22, 1, '5a715-37b9e4e8-f39f-4e8d-b53a-0b43c2d632c7.jpg'),
(23, 1, '5a715-6815400-wedding-wallpaper.jpg'),
(25, 2, 'e4a80-Bombay pre wedding shoot.jpg'),
(26, 2, 'e4a80-PuChai-Prewedding-retouches-4.jpg'),
(27, 2, 'e4a80-PuChai-Prewedding-retouches-10.jpg');

-- --------------------------------------------------------

--
-- Table structure for table `language`
--

CREATE TABLE `language` (
  `id` int(11) NOT NULL,
  `name` varchar(100) NOT NULL,
  `code` varchar(11) NOT NULL,
  `sort` int(11) NOT NULL,
  `status` enum('0','1') NOT NULL
) ENGINE=InnoDB DEFAULT CHARSET=latin1;

--
-- Dumping data for table `language`
--

INSERT INTO `language` (`id`, `name`, `code`, `sort`, `status`) VALUES
(2, 'English', 'en', 1, '1'),
(3, 'Indonesia', 'id', 2, '0');

-- --------------------------------------------------------

--
-- Table structure for table `list_product`
--

CREATE TABLE `list_product` (
  `a` int(3) DEFAULT NULL,
  `b` int(2) DEFAULT NULL,
  `c` varchar(54) DEFAULT NULL,
  `d` varchar(17) DEFAULT NULL,
  `e` varchar(20) DEFAULT NULL,
  `f` varchar(11) DEFAULT NULL,
  `g` varchar(42) DEFAULT NULL,
  `h` varchar(73) DEFAULT NULL,
  `i` varchar(12) DEFAULT NULL,
  `j` int(6) DEFAULT NULL,
  `k` varchar(245) DEFAULT NULL,
  `l` varchar(18) DEFAULT NULL,
  `m` int(4) DEFAULT NULL,
  `o` int(7) DEFAULT NULL,
  `p` varchar(40) DEFAULT NULL,
  `q` varchar(67) DEFAULT NULL,
  `r` int(2) DEFAULT NULL,
  `s` varchar(37) DEFAULT NULL,
  `t` varchar(2) DEFAULT NULL
) ENGINE=InnoDB DEFAULT CHARSET=utf8;

-- --------------------------------------------------------

--
-- Table structure for table `log`
--

CREATE TABLE `log` (
  `id` int(11) NOT NULL,
  `username` varchar(100) NOT NULL,
  `activity` varchar(100) NOT NULL,
  `time` timestamp NOT NULL DEFAULT current_timestamp() ON UPDATE current_timestamp()
) ENGINE=InnoDB DEFAULT CHARSET=latin1;

--
-- Dumping data for table `log`
--

INSERT INTO `log` (`id`, `username`, `activity`, `time`) VALUES
(1, 'info@markdesign.net', 'Login: info@markdesign.net', '2021-03-08 06:58:20'),
(2, 'info@markdesign.net', 'ProductController Update 11', '2021-03-08 08:15:20'),
(3, 'info@markdesign.net', 'ProductController Update 10', '2021-03-08 08:20:23'),
(4, 'info@markdesign.net', 'ProductController Update 9', '2021-03-08 08:22:41'),
(5, 'info@markdesign.net', 'ProductController Update 8', '2021-03-08 08:24:54'),
(6, 'info@markdesign.net', 'ProductController Update 7', '2021-03-08 08:26:31'),
(7, 'info@markdesign.net', 'ProductController Update 6', '2021-03-08 08:28:06'),
(8, 'info@markdesign.net', 'ProductController Update 4', '2021-03-08 08:30:09'),
(9, 'info@markdesign.net ', 'Login: info@markdesign.net ', '0000-00-00 00:00:00'),
(10, 'info@markdesign.net', 'Login: info@markdesign.net', '0000-00-00 00:00:00'),
(11, 'info@markdesign.net', 'Login: info@markdesign.net', '0000-00-00 00:00:00'),
(12, 'info@markdesign.net', 'Login: info@markdesign.net', '0000-00-00 00:00:00'),
(13, 'info@markdesign.net', 'Login: info@markdesign.net', '0000-00-00 00:00:00'),
(14, 'info@markdesign.net', 'ProductController Update 6', '0000-00-00 00:00:00'),
(15, 'info@markdesign.net', 'ProductController Update 6', '0000-00-00 00:00:00'),
(16, 'info@markdesign.net', 'ProductController Update 4', '0000-00-00 00:00:00'),
(17, 'info@markdesign.net', 'ProductController Update 7', '0000-00-00 00:00:00'),
(18, 'info@markdesign.net', 'ProductController Update 8', '0000-00-00 00:00:00'),
(19, 'info@markdesign.net', 'ProductController Update 9', '0000-00-00 00:00:00'),
(20, 'info@markdesign.net', 'ProductController Update 10', '0000-00-00 00:00:00'),
(21, 'info@markdesign.net', 'ProductController Update 11', '0000-00-00 00:00:00'),
(22, 'info@markdesign.net', 'ProductController Update 10', '0000-00-00 00:00:00'),
(23, 'info@markdesign.net', 'ProductController Update 6', '0000-00-00 00:00:00'),
(24, 'info@markdesign.net', 'ProductController Update 4', '0000-00-00 00:00:00');

-- --------------------------------------------------------

--
-- Table structure for table `me_member`
--

CREATE TABLE `me_member` (
  `id` int(11) NOT NULL,
  `email` varchar(200) NOT NULL,
  `first_name` varchar(200) NOT NULL,
  `last_name` varchar(200) NOT NULL,
  `pass` varchar(100) NOT NULL,
  `login_terakhir` timestamp NOT NULL DEFAULT current_timestamp() ON UPDATE current_timestamp(),
  `aktivasi` int(11) NOT NULL,
  `aktif` int(11) NOT NULL,
  `image` varchar(200) NOT NULL,
  `hp` varchar(50) NOT NULL,
  `address` text NOT NULL,
  `city` varchar(50) NOT NULL,
  `province` varchar(50) NOT NULL,
  `postcode` varchar(10) NOT NULL
) ENGINE=MyISAM DEFAULT CHARSET=latin1;

--
-- Dumping data for table `me_member`
--

INSERT INTO `me_member` (`id`, `email`, `first_name`, `last_name`, `pass`, `login_terakhir`, `aktivasi`, `aktif`, `image`, `hp`, `address`, `city`, `province`, `postcode`) VALUES
(2, 'deoryzpandu@gmail.com', 'deory pandu putra', 'wahyu', '7c4a8d09ca3762af61e59520943dc26494f8941b', '2015-07-10 16:31:10', 0, 1, '', '0854646464', 'jl test test', 'batu', '11', '65656'),
(5, 'ibnu@markdesign.net', 'deory pandu putra', 'wahyu', '7c4a8d09ca3762af61e59520943dc26494f8941b', '2016-03-28 04:16:03', 0, 1, '', '085646765265', 'Jl Martorejo No 113', 'Batu', '11', '65323'),
(9, 'ibnu.fajar86@yahoo.com', 'ibnu', 'fajar', '7c4a8d09ca3762af61e59520943dc26494f8941b', '2016-03-29 09:11:18', 0, 1, '', '2736473264', 'jl. embong kenongo 79a', 'surabaya', '11', '60239'),
(7, 'deo@markdesign.net', 'deoryzzz', 'pandu', '7c4a8d09ca3762af61e59520943dc26494f8941b', '2016-03-29 08:59:20', 0, 1, '', '085646765265', 'Jl Martorejo No 113', '444', '11', '65323'),
(10, 'deoryz@yahoo.co.id', 'deoryzzz', 'pandu', '7c4a8d09ca3762af61e59520943dc26494f8941b', '2016-03-29 09:12:15', 0, 1, '', '085646765265', 'Jl Martorejo No 113', 'batu', '11', '65323'),
(11, 'chendra@markdesign.net', 'chendra', 'cahyadi', '340ea6163337bd031bb14fe1885c1c92cb78766a', '2016-04-13 07:59:22', 0, 1, '', '03160251101', 'bawean 50', 'surabaya', '11', '60246'),
(12, 'dindacholifahputri@gmail.com', 'Dinda', 'Cholifah Putri', '5f0ad6d66d4eac4172fee264ee88ccc2b77c3840', '2016-06-16 06:34:54', 0, 1, '', '089675783665', 'Jl.Brigjen Katamso gg.Anggrek 2 No.27', 'Sidoarjo', '11', '61256');

-- --------------------------------------------------------

--
-- Table structure for table `or_order`
--

CREATE TABLE `or_order` (
  `id` int(11) NOT NULL,
  `invoice_no` int(11) NOT NULL,
  `invoice_prefix` varchar(20) NOT NULL,
  `customer_id` int(11) NOT NULL,
  `customer_group_id` int(11) NOT NULL,
  `first_name` varchar(128) NOT NULL,
  `last_name` varchar(128) NOT NULL,
  `email` varchar(255) NOT NULL,
  `phone` varchar(128) NOT NULL,
  `payment_first_name` varchar(128) NOT NULL,
  `payment_last_name` varchar(128) NOT NULL,
  `payment_company` varchar(128) NOT NULL,
  `payment_address_1` varchar(128) NOT NULL,
  `payment_address_2` varchar(128) NOT NULL,
  `payment_city` varchar(128) NOT NULL,
  `payment_postcode` varchar(128) NOT NULL,
  `payment_zone` varchar(128) NOT NULL,
  `payment_country` varchar(128) NOT NULL,
  `shipping_first_name` varchar(128) NOT NULL,
  `shipping_last_name` varchar(128) NOT NULL,
  `shipping_company` varchar(128) NOT NULL,
  `shipping_address_1` varchar(128) NOT NULL,
  `shipping_address_2` varchar(128) NOT NULL,
  `shipping_city` varchar(128) NOT NULL,
  `shipping_postcode` varchar(128) NOT NULL,
  `shipping_zone` varchar(128) NOT NULL,
  `shipping_area` int(11) NOT NULL,
  `shipping_country` varchar(128) NOT NULL,
  `comment` text NOT NULL,
  `tax` decimal(15,4) NOT NULL,
  `total` decimal(15,4) NOT NULL,
  `order_status_id` int(11) NOT NULL,
  `affiliate_id` int(11) NOT NULL,
  `commission` decimal(15,4) NOT NULL,
  `language_id` int(11) NOT NULL,
  `currency_id` int(11) NOT NULL,
  `currency_code` varchar(100) NOT NULL,
  `currency_value` decimal(15,4) NOT NULL,
  `ip` varchar(128) NOT NULL,
  `date_add` datetime NOT NULL,
  `date_modif` datetime NOT NULL,
  `delivery_from` varchar(100) NOT NULL,
  `delivery_to` varchar(100) NOT NULL,
  `delivery_package` varchar(100) NOT NULL,
  `delivery_price` int(11) NOT NULL,
  `payment_method_id` int(11) NOT NULL,
  `delivery_weight` int(11) NOT NULL,
  `token` varchar(200) NOT NULL,
  `tracking_id` varchar(200) NOT NULL,
  `is_read` int(11) NOT NULL
) ENGINE=MyISAM DEFAULT CHARSET=latin1;

--
-- Dumping data for table `or_order`
--

INSERT INTO `or_order` (`id`, `invoice_no`, `invoice_prefix`, `customer_id`, `customer_group_id`, `first_name`, `last_name`, `email`, `phone`, `payment_first_name`, `payment_last_name`, `payment_company`, `payment_address_1`, `payment_address_2`, `payment_city`, `payment_postcode`, `payment_zone`, `payment_country`, `shipping_first_name`, `shipping_last_name`, `shipping_company`, `shipping_address_1`, `shipping_address_2`, `shipping_city`, `shipping_postcode`, `shipping_zone`, `shipping_area`, `shipping_country`, `comment`, `tax`, `total`, `order_status_id`, `affiliate_id`, `commission`, `language_id`, `currency_id`, `currency_code`, `currency_value`, `ip`, `date_add`, `date_modif`, `delivery_from`, `delivery_to`, `delivery_package`, `delivery_price`, `payment_method_id`, `delivery_weight`, `token`, `tracking_id`, `is_read`) VALUES
(5, 2566, 'XD-20160328', 2, 0, 'deory pandu putra', 'wahyu', 'ibnu@markdesign.net', '085646765265', 'deory pandu putra', 'wahyu', '', 'Jl Martorejo No 113', '', 'Batu', '65323', '11', '', 'deory pandu putra', 'wahyu', '', 'Jl Martorejo No 113', '', 'Batu', '65323', '11', 0, '', '', 0.0000, 0.0000, 1, 0, 0.0000, 0, 0, '', 0.0000, '', '2016-03-28 10:08:22', '2016-03-28 10:08:22', '', '', '', 0, 0, 0, '', '', 0),
(6, 6384, 'XD-20160328', 2, 0, 'deory pandu putra', 'wahyu', 'ibnu@markdesign.net', '085646765265', 'deory pandu putra', 'wahyu', '', 'Jl Martorejo No 113', '', 'Batu', '65323', '11', '', 'deory pandu putra', 'wahyu', '', 'Jl Martorejo No 113', '', 'Batu', '65323', '11', 0, '', '', 0.0000, 10425000.0000, 1, 0, 0.0000, 0, 0, '', 0.0000, '', '2016-03-28 10:09:40', '2016-03-28 10:09:40', '', '', '', 0, 0, 1000, '', '', 0),
(7, 4492, 'XD-20160328', 2, 0, 'deory pandu putra', 'wahyu', 'ibnu@markdesign.net', '085646765265', 'deory pandu putra', 'wahyu', '', 'Jl Martorejo No 113', '', 'surabaya', '65323', '1', '', 'deory pandu putra', 'wahyu', '', 'Jl Martorejo No 113', '', 'surabaya', '65323', '1', 0, '', '', 0.0000, 4225000.0000, 1, 0, 0.0000, 0, 0, '', 0.0000, '', '2016-03-28 10:13:39', '2016-03-28 10:13:39', '', '', '', 0, 0, 400, '', '', 0),
(8, 8207, 'XD-20160328', 2, 0, 'deory pandu putra', 'wahyu', 'ibnu@markdesign.net', '085646765265', 'deory pandu putra', 'wahyu', '', 'Jl Martorejo No 113', '', 'Batu', '65323', '11', '', 'deory pandu putra', 'wahyu', '', 'Jl Martorejo No 113', '', 'Batu', '65323', '11', 0, '', '', 0.0000, 5100000.0000, 1, 0, 0.0000, 0, 0, '', 0.0000, '', '2016-03-28 10:16:27', '2016-03-28 10:16:27', '', '', '', 0, 0, 400, '', '', 0),
(9, 2869, 'XD-20160328', 2, 0, 'sales', 'dv', 'deo@markdesign.net', '584651561', 'sales', 'dv', '', 'ajasdklaj', '', 'akjdsklja', 'akjsd', '11', '', 'sales', 'dv', '', 'ajasdklaj', '', 'akjdsklja', 'akjsd', '11', 0, '', '', 0.0000, 4200000.0000, 1, 0, 0.0000, 0, 0, '', 0.0000, '', '2016-03-28 13:23:41', '2016-03-28 13:23:41', '', '', '', 0, 0, 400, '', '', 0),
(10, 1650, 'XD-20160329', 2, 0, 'deory pandu putra', 'wahyu', 'deoryzpandu@gmail.com', '0854646464', 'deory pandu putra', 'wahyu', '', 'jl test test', '', 'batu', '65656', '11', '', 'deory pandu putra', 'wahyu', '', 'jl test test', '', 'batu', '65656', '11', 0, '', '', 0.0000, 10250000.0000, 1, 0, 0.0000, 0, 0, '', 0.0000, '', '2016-03-29 09:33:57', '2016-03-29 09:33:57', '', '', '', 0, 0, 800, '', '', 0),
(11, 1393, 'XD-20160329', 2, 0, 'deory pandu putra', 'wahyu', 'deoryzpandu@gmail.com', '0854646464', 'deory pandu putra', 'wahyu', '', 'jl test test', '', 'batu', '65656', '11', '', 'deory pandu putra', 'wahyu', '', 'jl test test', '', 'batu', '65656', '11', 0, '', '', 0.0000, 5150000.0000, 1, 0, 0.0000, 0, 0, '', 0.0000, '', '2016-03-29 09:42:33', '2016-03-29 09:42:33', '', '', '', 0, 0, 800, '', '', 0),
(12, 5285, 'XD-20160329', 2, 0, 'deory pandu putra', 'wahyu', 'deoryzpandu@gmail.com', '0854646464', 'deory pandu putra', 'wahyu', '', 'jl test test', '', 'batu', '65656', '11', '', 'deory pandu putra', 'wahyu', '', 'jl test test', '', 'batu', '65656', '11', 0, '', 'Your order is being sent', 0.0000, 4650000.0000, 3, 0, 0.0000, 0, 0, '', 0.0000, '', '2016-03-29 09:51:02', '2016-03-29 09:51:02', '', '', '', 0, 0, 800, '', 'SUBGQ00017226516', 0),
(13, 8150, 'XD-20160413', 11, 0, 'chendra', 'cahyadi', 'chendra@markdesign.net', '03160251101', 'chendra', 'cahyadi', '', 'bawean 50', '', 'surabaya', '60246', '11', '', 'chendra', 'cahyadi', '', 'bawean 50', '', 'surabaya', '60246', '11', 0, '', '', 0.0000, 4900000.0000, 1, 0, 0.0000, 0, 0, '', 0.0000, '', '2016-04-13 15:00:08', '2016-04-13 15:00:08', '', '', '', 0, 0, 1000, '', '', 0),
(14, 2930, 'LN-20160616', 0, 0, 'Dinda', 'Cholifah Putri', 'dindacholifahputri@gmail.com', '089675783665', 'Dinda', 'Cholifah Putri', '', 'Jl.Brigjen Katamso gg.Anggrek 2 No.27', '', 'Sidoarjo', '61256', '11', '', 'Dinda', 'Cholifah Putri', '', 'Jl.Brigjen Katamso gg.Anggrek 2 No.27', '', 'Sidoarjo', '61256', '11', 0, '', '', 0.0000, 2625000.0000, 1, 0, 0.0000, 0, 0, '', 0.0000, '', '2016-06-16 13:34:54', '2016-06-16 13:34:54', '', '', '', 0, 0, 400, '', '', 0),
(15, 3172, 'LN-20160616', 12, 0, 'Dinda', 'Cholifah Putri', 'dindacholifahputri@gmail.com', '089675783665', 'Dinda', 'Cholifah Putri', '', 'Jl.Brigjen Katamso gg.Anggrek 2 No.27', '', 'Sidoarjo', '61256', '11', '', 'Dinda', 'Cholifah Putri', '', 'Jl.Brigjen Katamso gg.Anggrek 2 No.27', '', 'Sidoarjo', '61256', '11', 0, '', 'Your order is being sent', 0.0000, 2650000.0000, 3, 0, 0.0000, 0, 0, '', 0.0000, '', '2016-06-16 13:37:15', '2016-06-16 13:37:15', '', '', '', 0, 0, 600, '', 'MYBOO00220879516', 0),
(16, 7578, 'LN-20160723', 5, 0, 'deory pandu putra', 'wahyu', 'ibnu@markdesign.net', '085646765265', 'deory pandu putra', 'wahyu', '', 'Jl Martorejo No 113', '', 'Batu', '65323', '11', '', 'deory pandu putra', 'wahyu', '', 'Jl Martorejo No 113', '', 'Batu', '65323', '11', 0, '', '', 0.0000, 1400000.0000, 1, 0, 0.0000, 0, 0, '', 0.0000, '', '2016-07-23 13:32:03', '2016-07-23 13:32:03', '', '', '', 0, 0, 0, '', '', 0),
(17, 1138, 'LN-20160723', 5, 0, 'deory pandu putra', 'wahyu', 'ibnu@markdesign.net', '085646765265', 'deory pandu putra', 'wahyu', '', 'Jl Martorejo No 113', '', 'Batu', '65323', '11', '', 'deory pandu putra', 'wahyu', '', 'Jl Martorejo No 113', '', 'Batu', '65323', '11', 0, '', '', 0.0000, 577500.0000, 1, 0, 0.0000, 0, 0, '', 0.0000, '', '2016-07-23 13:32:54', '2016-07-23 13:32:54', '', '', '', 0, 0, 0, '', '', 0),
(18, 2204, 'LN-20160723', 5, 0, 'deory pandu putra', 'wahyu', 'ibnu@markdesign.net', '085646765265', 'deory pandu putra', 'wahyu', '', 'Jl Martorejo No 113', '', 'Batu', '65323', '11', '', 'deory pandu putra', 'wahyu', '', 'Jl Martorejo No 113', '', 'Batu', '65323', '11', 0, '', '', 0.0000, 7000000.0000, 1, 0, 0.0000, 0, 0, '', 0.0000, '', '2016-07-23 13:33:11', '2016-07-23 13:33:11', '', '', '', 0, 0, 0, '', '', 0),
(19, 5346, 'LN-20160723', 5, 0, 'deory pandu putra', 'wahyu', 'ibnu@markdesign.net', '085646765265', 'deory pandu putra', 'wahyu', '', 'Jl Martorejo No 113', '', 'Batu', '65323', '11', '', 'deory pandu putra', 'wahyu', '', 'Jl Martorejo No 113', '', 'Batu', '65323', '11', 0, '', '', 0.0000, 8400000.0000, 1, 0, 0.0000, 0, 0, '', 0.0000, '', '2016-07-23 13:33:31', '2016-07-23 13:33:31', '', '', '', 0, 0, 0, '', '', 0),
(20, 6327, 'LN-20160723', 5, 0, 'deory pandu putra', 'wahyu', 'ibnu@markdesign.net', '085646765265', 'deory pandu putra', 'wahyu', '', 'Jl Martorejo No 113', '', 'Batu', '65323', '11', '', 'deory pandu putra', 'wahyu', '', 'Jl Martorejo No 113', '', 'Batu', '65323', '11', 0, '', '', 0.0000, 23725000.0000, 1, 0, 0.0000, 0, 0, '', 0.0000, '', '2016-07-23 13:33:48', '2016-07-23 13:33:48', '', '', '', 0, 0, 13000, '', '', 0),
(21, 8129, 'LN-20160723', 5, 0, 'deory pandu putra', 'wahyu', 'ibnu@markdesign.net', '085646765265', 'deory pandu putra', 'wahyu', '', 'Jl Martorejo No 113', '', 'Batu', '65323', '11', '', 'deory pandu putra', 'wahyu', '', 'Jl Martorejo No 113', '', 'Batu', '65323', '11', 0, '', '', 0.0000, 35100000.0000, 1, 0, 0.0000, 0, 0, '', 0.0000, '', '2016-07-23 13:34:07', '2016-07-23 13:34:07', '', '', '', 0, 0, 6000, '', '', 0),
(22, 1715, 'LN-20160723', 5, 0, 'deory pandu putra', 'wahyu', 'ibnu@markdesign.net', '085646765265', 'deory pandu putra', 'wahyu', '', 'Jl Martorejo No 113', '', 'Batu', '65323', '11', '', 'deory pandu putra', 'wahyu', '', 'Jl Martorejo No 113', '', 'Batu', '65323', '11', 0, '', '', 0.0000, 9800000.0000, 1, 0, 0.0000, 0, 0, '', 0.0000, '', '2016-07-23 13:34:19', '2016-07-23 13:34:19', '', '', '', 0, 0, 3000, '', '', 0),
(23, 8880, 'LN-20160723', 5, 0, 'deory pandu putra', 'wahyu', 'ibnu@markdesign.net', '085646765265', 'deory pandu putra', 'wahyu', '', 'Jl Martorejo No 113', '', 'Batu', '65323', '11', '', 'deory pandu putra', 'wahyu', '', 'Jl Martorejo No 113', '', 'Batu', '65323', '11', 0, '', '', 0.0000, 13720000.0000, 1, 0, 0.0000, 0, 0, '', 0.0000, '', '2016-07-23 13:34:30', '2016-07-23 13:34:30', '', '', '', 0, 0, 4200, '', '', 0),
(24, 2001, 'LN-20160723', 5, 0, 'deory pandu putra', 'wahyu', 'ibnu@markdesign.net', '085646765265', 'deory pandu putra', 'wahyu', '', 'Jl Martorejo No 113', '', 'Batu', '65323', '11', '', 'deory pandu putra', 'wahyu', '', 'Jl Martorejo No 113', '', 'Batu', '65323', '11', 0, '', '', 0.0000, 6120000.0000, 1, 0, 0.0000, 0, 0, '', 0.0000, '', '2016-07-23 13:35:09', '2016-07-23 13:35:09', '', '', '', 0, 0, 3000, '', '', 0),
(25, 6959, 'LN-20160723', 5, 0, 'deory pandu putra', 'wahyu', 'ibnu@markdesign.net', '085646765265', 'deory pandu putra', 'wahyu', '', 'Jl Martorejo No 113', '', 'Batu', '65323', '11', '', 'deory pandu putra', 'wahyu', '', 'Jl Martorejo No 113', '', 'Batu', '65323', '11', 0, '', '', 0.0000, 6930000.0000, 1, 0, 0.0000, 0, 0, '', 0.0000, '', '2016-07-23 13:35:23', '2016-07-23 13:35:23', '', '', '', 0, 0, 0, '', '', 0),
(26, 1454, 'LN-20160723', 5, 0, 'deory pandu putra', 'wahyu', 'ibnu@markdesign.net', '085646765265', 'deory pandu putra', 'wahyu', '', 'Jl Martorejo No 113', '', 'Batu', '65323', '11', '', 'deory pandu putra', 'wahyu', '', 'Jl Martorejo No 113', '', 'Batu', '65323', '11', 0, '', '', 0.0000, 2887500.0000, 1, 0, 0.0000, 0, 0, '', 0.0000, '', '2016-07-23 13:36:10', '2016-07-23 13:36:10', '', '', '', 0, 0, 0, '', '', 0),
(27, 2754, 'LN-20160723', 5, 0, 'deory pandu putra', 'wahyu', 'ibnu@markdesign.net', '085646765265', 'deory pandu putra', 'wahyu', '', 'Jl Martorejo No 113', '', 'Batu', '65323', '11', '', 'deory pandu putra', 'wahyu', '', 'Jl Martorejo No 113', '', 'Batu', '65323', '11', 0, '', '', 0.0000, 7840000.0000, 1, 0, 0.0000, 0, 0, '', 0.0000, '', '2016-07-23 13:36:47', '2016-07-23 13:36:47', '', '', '', 0, 0, 2400, '', '', 0),
(28, 6832, 'LN-20160723', 5, 0, 'deory pandu putra', 'wahyu', 'ibnu@markdesign.net', '085646765265', 'deory pandu putra', 'wahyu', '', 'Jl Martorejo No 113', '', 'Batu', '65323', '11', '', 'deory pandu putra', 'wahyu', '', 'Jl Martorejo No 113', '', 'Batu', '65323', '11', 0, '', '', 0.0000, 44100000.0000, 1, 0, 0.0000, 0, 0, '', 0.0000, '', '2016-07-23 13:37:14', '2016-07-23 13:37:14', '', '', '', 0, 0, 9000, '', '', 0),
(29, 1860, 'LN-20160723', 5, 0, 'deory pandu putra', 'wahyu', 'ibnu@markdesign.net', '085646765265', 'deory pandu putra', 'wahyu', '', 'Jl Martorejo No 113', '', 'Batu', '65323', '11', '', 'deory pandu putra', 'wahyu', '', 'Jl Martorejo No 113', '', 'Batu', '65323', '11', 0, '', '', 0.0000, 2125000.0000, 1, 0, 0.0000, 0, 0, '', 0.0000, '', '2016-07-23 13:44:54', '2016-07-23 13:44:54', '', '', '', 0, 0, 0, '', '', 0),
(30, 7080, 'LN-20160723', 5, 0, 'deory pandu putra', 'wahyu', 'ibnu@markdesign.net', '085646765265', 'deory pandu putra', 'wahyu', '', 'Jl Martorejo No 113', '', 'Batu', '65323', '11', '', 'deory pandu putra', 'wahyu', '', 'Jl Martorejo No 113', '', 'Batu', '65323', '11', 0, '', '', 0.0000, 1425000.0000, 1, 0, 0.0000, 0, 0, '', 0.0000, '', '2016-07-23 13:50:25', '2016-07-23 13:50:25', '', '', '', 0, 0, 0, '', '', 0),
(31, 2504, 'LN-20160723', 5, 0, 'deory pandu putra', 'wahyu', 'ibnu@markdesign.net', '085646765265', 'deory pandu putra', 'wahyu', '', 'Jl Martorejo No 113', '', 'Batu', '65323', '11', '', 'deory pandu putra', 'wahyu', '', 'Jl Martorejo No 113', '', 'Batu', '65323', '11', 0, '', '', 0.0000, 1880000.0000, 1, 0, 0.0000, 0, 0, '', 0.0000, '', '2016-07-23 13:50:37', '2016-07-23 13:50:37', '', '', '', 0, 0, 0, '', '', 0),
(32, 8877, 'LN-20160723', 5, 0, 'deory pandu putra', 'wahyu', 'ibnu@markdesign.net', '085646765265', 'deory pandu putra', 'wahyu', '', 'Jl Martorejo No 113', '', 'Batu', '65323', '11', '', 'deory pandu putra', 'wahyu', '', 'Jl Martorejo No 113', '', 'Batu', '65323', '11', 0, '', '', 0.0000, 1965000.0000, 1, 0, 0.0000, 0, 0, '', 0.0000, '', '2016-07-23 13:50:57', '2016-07-23 13:50:57', '', '', '', 0, 0, 0, '', '', 0),
(33, 1586, 'LN-20160723', 5, 0, 'deory pandu putra', 'wahyu', 'ibnu@markdesign.net', '085646765265', 'deory pandu putra', 'wahyu', '', 'Jl Martorejo No 113', '', 'Batu', '65323', '11', '', 'deory pandu putra', 'wahyu', '', 'Jl Martorejo No 113', '', 'Batu', '65323', '11', 0, '', '', 0.0000, 12750000.0000, 1, 0, 0.0000, 0, 0, '', 0.0000, '', '2016-07-23 13:51:11', '2016-07-23 13:51:11', '', '', '', 0, 0, 0, '', '', 0),
(34, 6842, 'LN-20160723', 5, 0, 'deory pandu putra', 'wahyu', 'ibnu@markdesign.net', '085646765265', 'deory pandu putra', 'wahyu', '', 'Jl Martorejo No 113', '', 'Batu', '65323', '11', '', 'deory pandu putra', 'wahyu', '', 'Jl Martorejo No 113', '', 'Batu', '65323', '11', 0, '', '', 0.0000, 13500000.0000, 1, 0, 0.0000, 0, 0, '', 0.0000, '', '2016-07-23 13:51:33', '2016-07-23 13:51:33', '', '', '', 0, 0, 3000, '', '', 0),
(35, 4385, 'LN-20160723', 5, 0, 'deory pandu putra', 'wahyu', 'ibnu@markdesign.net', '085646765265', 'deory pandu putra', 'wahyu', '', 'Jl Martorejo No 113', '', 'Batu', '65323', '11', '', 'deory pandu putra', 'wahyu', '', 'Jl Martorejo No 113', '', 'Batu', '65323', '11', 0, '', '', 0.0000, 12240000.0000, 1, 0, 0.0000, 0, 0, '', 0.0000, '', '2016-07-23 13:51:44', '2016-07-23 13:51:44', '', '', '', 0, 0, 6000, '', '', 0),
(36, 7167, 'LN-20160723', 5, 0, 'deory pandu putra', 'wahyu', 'ibnu@markdesign.net', '085646765265', 'deory pandu putra', 'wahyu', '', 'Jl Martorejo No 113', '', 'Batu', '65323', '11', '', 'deory pandu putra', 'wahyu', '', 'Jl Martorejo No 113', '', 'Batu', '65323', '11', 0, '', '', 0.0000, 9800000.0000, 1, 0, 0.0000, 0, 0, '', 0.0000, '', '2016-07-23 13:51:54', '2016-07-23 13:51:54', '', '', '', 0, 0, 2000, '', '', 0),
(37, 3007, 'PP-20161018', 0, 0, '', '', 'deo@markdesign.net', '085646765265', '', '', '', '', '', '', '', '', '', 'deory', 'Testing', 'na', 'jl martorejo', '', 'kota', '65323', '6', 0, '', 'test', 0.0000, 25000.0000, 1, 0, 0.0000, 0, 0, '', 0.0000, '', '2016-10-18 13:27:04', '2016-10-18 13:27:04', '', '', '', 0, 0, 0, '', '', 0),
(38, 5364, 'PP-20170131', 0, 0, '', '', 'deo@markdesign.net', '085646765265', '', '', '', '', '', '', '', '', '', 'deoryzzz', '', '', 'Jl Martorejo No 113', '', '444', '', '11', 0, '', '', 0.0000, 1197000.0000, 1, 0, 0.0000, 0, 0, '', 0.0000, '', '2017-01-31 16:29:47', '2017-01-31 16:29:47', '', '', '', 0, 0, 3000, '', '', 0),
(39, 7564, 'PP-20170131', 0, 0, '', '', 'deo@markdesign.net', '085646765265', '', '', '', '', '', '', '', '', '', 'deoryzzz', '', '', 'Jl Martorejo No 113', '', '444', '', '11', 0, '', '', 0.0000, 798000.0000, 1, 0, 0.0000, 0, 0, '', 0.0000, '', '2017-01-31 16:30:21', '2017-01-31 16:30:21', '', '', '', 0, 0, 2000, '', '', 0),
(40, 5219, 'VT-20170131', 0, 0, '', '', 'deo@markdesign.net', '085646765265', '', '', '', '', '', '', '', '', '', 'deoryzzz', '', '', 'Jl Martorejo No 113', '', '444', '', '11', 0, '', '', 0.0000, 399000.0000, 1, 0, 0.0000, 0, 0, '', 0.0000, '', '2017-01-31 17:29:01', '2017-01-31 17:29:01', '', '', '', 5000, 0, 1000, '', '', 0),
(41, 3777, 'VT-20170131', 0, 0, '', '', 'deo@markdesign.net', '085646765265', '', '', '', '', '', '', '', '', '', 'deoryzzz', '', '', 'Jl Martorejo No 113', '', '444', '', '11', 0, '', '', 0.0000, 399000.0000, 1, 0, 0.0000, 0, 0, '', 0.0000, '', '2017-01-31 17:29:09', '2017-01-31 17:29:09', '', '', '', 5000, 0, 1000, '', '', 0),
(42, 3020, 'VT-20170210', 0, 0, '', '', 'deo@markdesign.net', '48484984', '', '', '', '', '', '', '', '', '', 'deory', '', '', 'test', '', 'kota', '', 'au', 0, '', '', 0.0000, 13.0000, 1, 0, 0.0000, 0, 0, '', 0.0000, '', '2017-02-10 13:58:39', '2017-02-10 13:58:39', '', '', '', 0, 0, 1200, '', '', 1),
(43, 6987, 'SU-20170216', 0, 0, '', '', 'deo@markdesign.net', '085646765265', '', '', '', '', '', '', '', '', '', 'deoryzzz', '', '', 'Jl Martorejo No 113', '', '444', '65323', '11', 0, '', '', 0.0000, 24.0000, 1, 0, 0.0000, 0, 0, '', 0.0000, '', '2017-02-16 15:17:42', '2017-02-16 15:17:42', '', '', '', 0, 0, 600, '', '', 0),
(44, 9303, 'SU-20170216', 0, 0, '', '', 'deo@markdesign.net', '085646765265', '', '', '', '', '', '', '', '', '', 'deoryzzz', '', '', 'Jl Martorejo No 113', '', '444', '65323', '11', 0, '', '', 0.0000, 12.5000, 1, 0, 0.0000, 0, 0, '', 0.0000, '', '2017-02-16 15:21:50', '2017-02-16 15:21:50', '', '', '', 0, 0, 600, '', '', 1),
(45, 6093, 'SU-20170216', 0, 0, '', '', 'deo@markdesign.net', '085646765265', '', '', '', '', '', '', '', '', '', 'deoryzzz', '', '', 'Jl Martorejo No 113', '', '444', '65323', '11', 0, '', '', 0.0000, 7.2300, 1, 0, 0.0000, 0, 0, '', 0.0000, '', '2017-02-16 16:04:17', '2017-02-16 16:04:17', '', '', '', 0, 0, 600, '', '', 1),
(46, 9210, 'SU-20170224', 0, 0, '', '', 'deo@markdesign.net', '085646765265', '', '', '', '', '', '', '', '', '', 'deoryzzz', '', '', 'Jl Martorejo No 113', '', '444', '65323', '11', 0, '', 'Your order is being processed', 0.0000, 43.3800, 2, 0, 0.0000, 0, 0, '', 0.0000, '', '2017-02-24 10:47:49', '2017-02-24 10:47:49', '', '', '', 0, 0, 3600, '', '', 1);

-- --------------------------------------------------------

--
-- Table structure for table `or_order_history`
--

CREATE TABLE `or_order_history` (
  `id` int(11) NOT NULL,
  `member_id` int(11) NOT NULL,
  `order_id` int(11) NOT NULL,
  `order_status_id` int(11) NOT NULL,
  `notify` tinyint(4) NOT NULL,
  `comment` text NOT NULL,
  `date_add` datetime NOT NULL
) ENGINE=MyISAM DEFAULT CHARSET=latin1;

--
-- Dumping data for table `or_order_history`
--

INSERT INTO `or_order_history` (`id`, `member_id`, `order_id`, `order_status_id`, `notify`, `comment`, `date_add`) VALUES
(3, 2, 3, 1, 0, 'Your order DV-20150618-5342 successfully placed with status \"Pending\"', '2015-06-18 09:01:43'),
(4, 2, 4, 1, 0, 'Your order DV-20150618-8189 successfully placed with status \"Pending\"', '2015-06-18 09:02:25');

-- --------------------------------------------------------

--
-- Table structure for table `or_order_product`
--

CREATE TABLE `or_order_product` (
  `id` int(11) NOT NULL,
  `order_id` int(11) NOT NULL,
  `product_id` int(11) NOT NULL,
  `image` varchar(200) NOT NULL,
  `name` varchar(256) NOT NULL,
  `kode` varchar(256) NOT NULL,
  `qty` int(11) NOT NULL,
  `price` decimal(15,4) NOT NULL,
  `total` decimal(15,4) NOT NULL,
  `attributes_id` int(11) NOT NULL,
  `attributes_name` varchar(256) NOT NULL,
  `attributes_price` decimal(15,4) NOT NULL,
  `berat` int(11) NOT NULL,
  `data` text NOT NULL
) ENGINE=MyISAM DEFAULT CHARSET=latin1;

--
-- Dumping data for table `or_order_product`
--

INSERT INTO `or_order_product` (`id`, `order_id`, `product_id`, `image`, `name`, `kode`, `qty`, `price`, `total`, `attributes_id`, `attributes_name`, `attributes_price`, `berat`, `data`) VALUES
(7, 7, 2, '9b238-1796016_10151929532400940_218227938_o.jpg', 'Alma S25 PB', 'Alma S25 PB', 1, 2100000.0000, 2125000.0000, 11, 'N/A', 2100000.0000, 400, 'a:4:{s:3:\"box\";s:5:\"25000\";s:5:\"berat\";s:3:\"400\";s:11:\"category_id\";s:1:\"1\";s:13:\"category_name\";s:4:\"Bags\";}'),
(5, 6, 1, '0544e-1796016_10151929532400940_218227938_o.jpg', 'Alma S25', 'Alma S25', 1, 2650000.0000, 2650000.0000, 2, 'leather', 2650000.0000, 600, 'a:3:{s:5:\"berat\";s:3:\"600\";s:11:\"category_id\";s:1:\"1\";s:13:\"category_name\";s:4:\"Bags\";}'),
(6, 6, 2, '9b238-1796016_10151929532400940_218227938_o.jpg', 'Alma S25 PB', 'Alma S25 PB', 1, 2550000.0000, 2575000.0000, 12, 'leather', 2550000.0000, 400, 'a:4:{s:3:\"box\";s:5:\"25000\";s:5:\"berat\";s:3:\"400\";s:11:\"category_id\";s:1:\"1\";s:13:\"category_name\";s:4:\"Bags\";}'),
(8, 8, 2, '9b238-1796016_10151929532400940_218227938_o.jpg', 'Alma S25 PB', 'Alma S25 PB', 1, 2550000.0000, 2550000.0000, 12, 'leather', 2550000.0000, 400, 'a:3:{s:5:\"berat\";s:3:\"400\";s:11:\"category_id\";s:1:\"1\";s:13:\"category_name\";s:4:\"Bags\";}'),
(9, 9, 2, '9b238-1796016_10151929532400940_218227938_o.jpg', 'Alma S25 PB', 'Alma S25 PB', 1, 2100000.0000, 2100000.0000, 0, '', 0.0000, 400, 'a:3:{s:5:\"berat\";s:3:\"400\";s:11:\"category_id\";s:1:\"1\";s:13:\"category_name\";s:4:\"Bags\";}'),
(10, 10, 2, '9b238-1796016_10151929532400940_218227938_o.jpg', 'Alma S25 PB', 'Alma S25 PB', 2, 2550000.0000, 5150000.0000, 12, 'leather', 2550000.0000, 400, 'a:4:{s:3:\"box\";s:5:\"25000\";s:5:\"berat\";s:3:\"400\";s:11:\"category_id\";s:1:\"1\";s:13:\"category_name\";s:4:\"Bags\";}'),
(11, 11, 2, '9b238-1796016_10151929532400940_218227938_o.jpg', 'Alma S25 PB', 'Alma S25 PB', 2, 2550000.0000, 5150000.0000, 12, 'leather', 2550000.0000, 400, 'a:4:{s:3:\"box\";s:5:\"25000\";s:5:\"berat\";s:3:\"400\";s:11:\"category_id\";s:1:\"1\";s:13:\"category_name\";s:4:\"Bags\";}'),
(12, 12, 2, '9b238-1796016_10151929532400940_218227938_o.jpg', 'Alma S25 PB', 'Alma S25 PB', 2, 2300000.0000, 4650000.0000, 15, 'full batik, leather', 2300000.0000, 400, 'a:4:{s:3:\"box\";s:5:\"25000\";s:5:\"berat\";s:3:\"400\";s:11:\"category_id\";s:1:\"1\";s:13:\"category_name\";s:4:\"Bags\";}'),
(13, 13, 3, '78429-1796016_10151929532400940_218227938_o.jpg', 'Alma M31', 'Alma M31', 2, 2450000.0000, 4900000.0000, 0, '', 0.0000, 500, 'a:3:{s:5:\"berat\";s:3:\"500\";s:11:\"category_id\";s:1:\"1\";s:13:\"category_name\";s:4:\"Bags\";}'),
(14, 14, 2, 'd2c88-lms-corra.jpg', 'Alma S25 PB', 'Alma S25 PB', 1, 2600000.0000, 2625000.0000, 14, 'anyam+batik, leather', 2600000.0000, 400, 'a:4:{s:3:\"box\";s:5:\"25000\";s:5:\"berat\";s:3:\"400\";s:11:\"category_id\";s:1:\"1\";s:13:\"category_name\";s:4:\"Bags\";}'),
(15, 15, 1, '5539a-variasi-2.jpg', 'Alma S25', 'Alma S25', 1, 2650000.0000, 2650000.0000, 2, 'leather', 2650000.0000, 600, 'a:3:{s:5:\"berat\";s:3:\"600\";s:11:\"category_id\";s:1:\"1\";s:13:\"category_name\";s:4:\"Bags\";}'),
(16, 16, 7, '16f41-2.JPG', 'ALICIA Flame Orange', 'ALICIA Flame Orange', 1, 1400000.0000, 1400000.0000, 0, '', 0.0000, 0, 'a:3:{s:5:\"berat\";s:1:\"0\";s:11:\"category_id\";s:1:\"1\";s:13:\"category_name\";s:4:\"Bags\";}'),
(17, 17, 5, 'af0f5-3.JPG', 'ANGELETTE', 'ANGELETTE', 1, 577500.0000, 577500.0000, 0, '', 0.0000, 0, 'a:3:{s:5:\"berat\";s:1:\"0\";s:11:\"category_id\";s:1:\"1\";s:13:\"category_name\";s:4:\"Bags\";}'),
(18, 18, 6, '7e6b6-6.JPG', 'CORRA', 'CORRA', 4, 1750000.0000, 7000000.0000, 0, '', 0.0000, 0, 'a:3:{s:5:\"berat\";s:1:\"0\";s:11:\"category_id\";s:1:\"1\";s:13:\"category_name\";s:4:\"Bags\";}'),
(19, 19, 7, '16f41-2.JPG', 'ALICIA Flame Orange', 'ALICIA Flame Orange', 6, 1400000.0000, 8400000.0000, 0, '', 0.0000, 0, 'a:3:{s:5:\"berat\";s:1:\"0\";s:11:\"category_id\";s:1:\"1\";s:13:\"category_name\";s:4:\"Bags\";}'),
(20, 20, 2, '0482b-5.png', 'Lorraine L Velvet Violet', 'Lorraine L Velvet Violet', 13, 1800000.0000, 23725000.0000, 11, 'Full anyam (pb)', 1800000.0000, 1000, 'a:4:{s:3:\"box\";s:5:\"25000\";s:5:\"berat\";s:4:\"1000\";s:11:\"category_id\";s:1:\"1\";s:13:\"category_name\";s:4:\"Bags\";}'),
(21, 21, 3, '5e53c-2.png', 'Cordelia M Flame Orange', 'Cordelia M Flame Orange', 12, 2900000.0000, 35100000.0000, 22, 'leather', 2900000.0000, 500, 'a:4:{s:3:\"box\";s:5:\"25000\";s:5:\"berat\";s:3:\"500\";s:11:\"category_id\";s:1:\"2\";s:13:\"category_name\";s:7:\"Wallets\";}'),
(22, 22, 1, '5193c-3.png', 'Noe L Forrest Green', 'Noe L Forrest Green', 5, 1960000.0000, 9800000.0000, 0, '', 0.0000, 600, 'a:3:{s:5:\"berat\";s:3:\"600\";s:11:\"category_id\";s:1:\"1\";s:13:\"category_name\";s:4:\"Bags\";}'),
(23, 23, 1, '5193c-3.png', 'Noe L Forrest Green', 'Noe L Forrest Green', 7, 1960000.0000, 13720000.0000, 0, '', 0.0000, 600, 'a:3:{s:5:\"berat\";s:3:\"600\";s:11:\"category_id\";s:1:\"1\";s:13:\"category_name\";s:4:\"Bags\";}'),
(24, 24, 2, '0482b-5.png', 'Lorraine L Velvet Violet', 'Lorraine L Velvet Violet', 3, 2040000.0000, 6120000.0000, 0, '', 0.0000, 1000, 'a:3:{s:5:\"berat\";s:4:\"1000\";s:11:\"category_id\";s:1:\"1\";s:13:\"category_name\";s:4:\"Bags\";}'),
(25, 25, 5, 'af0f5-3.JPG', 'ANGELETTE', 'ANGELETTE', 12, 577500.0000, 6930000.0000, 0, '', 0.0000, 0, 'a:3:{s:5:\"berat\";s:1:\"0\";s:11:\"category_id\";s:1:\"1\";s:13:\"category_name\";s:4:\"Bags\";}'),
(26, 26, 5, 'af0f5-3.JPG', 'ANGELETTE', 'ANGELETTE', 5, 577500.0000, 2887500.0000, 0, '', 0.0000, 0, 'a:3:{s:5:\"berat\";s:1:\"0\";s:11:\"category_id\";s:1:\"1\";s:13:\"category_name\";s:4:\"Bags\";}'),
(27, 27, 1, '5193c-3.png', 'Noe L Forrest Green', 'Noe L Forrest Green', 4, 1960000.0000, 7840000.0000, 0, '', 0.0000, 600, 'a:3:{s:5:\"berat\";s:3:\"600\";s:11:\"category_id\";s:1:\"1\";s:13:\"category_name\";s:4:\"Bags\";}'),
(28, 28, 3, '5e53c-2.png', 'Cordelia M Flame Orange', 'Cordelia M Flame Orange', 18, 2450000.0000, 44100000.0000, 0, '', 0.0000, 500, 'a:3:{s:5:\"berat\";s:3:\"500\";s:11:\"category_id\";s:1:\"2\";s:13:\"category_name\";s:7:\"Wallets\";}'),
(29, 29, 4, 'e61f4-1454700_608582625936684_2271257288262980968_n.jpg', 'BRIGITTE', 'BRIGITTE', 1, 2100000.0000, 2125000.0000, 105, 'ANYAM BESAR size L', 2100000.0000, 0, 'a:4:{s:3:\"box\";s:5:\"25000\";s:5:\"berat\";s:1:\"0\";s:11:\"category_id\";s:1:\"1\";s:13:\"category_name\";s:4:\"Bags\";}'),
(30, 30, 7, '16f41-2.JPG', 'ALICIA Flame Orange', 'ALICIA Flame Orange', 1, 1400000.0000, 1425000.0000, 127, 'ANYAM BESAR size L', 1400000.0000, 0, 'a:4:{s:3:\"box\";s:5:\"25000\";s:5:\"berat\";s:1:\"0\";s:11:\"category_id\";s:1:\"1\";s:13:\"category_name\";s:4:\"Bags\";}'),
(31, 31, 6, '7e6b6-6.JPG', 'CORRA', 'CORRA', 1, 1855000.0000, 1880000.0000, 119, 'ANYAM KECIL size M', 1855000.0000, 0, 'a:4:{s:3:\"box\";s:5:\"25000\";s:5:\"berat\";s:1:\"0\";s:11:\"category_id\";s:1:\"1\";s:13:\"category_name\";s:4:\"Bags\";}'),
(32, 32, 5, 'af0f5-3.JPG', 'ANGELETTE', 'ANGELETTE', 3, 630000.0000, 1965000.0000, 114, 'ANYAM KECIL size L', 630000.0000, 0, 'a:4:{s:3:\"box\";s:5:\"25000\";s:5:\"berat\";s:1:\"0\";s:11:\"category_id\";s:1:\"1\";s:13:\"category_name\";s:4:\"Bags\";}'),
(33, 33, 4, 'e61f4-1454700_608582625936684_2271257288262980968_n.jpg', 'BRIGITTE', 'BRIGITTE', 6, 2100000.0000, 12750000.0000, 105, 'ANYAM BESAR size L', 2100000.0000, 0, 'a:4:{s:3:\"box\";s:5:\"25000\";s:5:\"berat\";s:1:\"0\";s:11:\"category_id\";s:1:\"1\";s:13:\"category_name\";s:4:\"Bags\";}'),
(34, 34, 1, '5193c-3.png', 'Noe L Forrest Green', 'Noe L Forrest Green', 5, 2700000.0000, 13500000.0000, 4, 'anyam+batik, leather', 2700000.0000, 600, 'a:3:{s:5:\"berat\";s:3:\"600\";s:11:\"category_id\";s:1:\"1\";s:13:\"category_name\";s:4:\"Bags\";}'),
(35, 35, 2, '0482b-5.png', 'Lorraine L Velvet Violet', 'Lorraine L Velvet Violet', 6, 2040000.0000, 12240000.0000, 0, '', 0.0000, 1000, 'a:3:{s:5:\"berat\";s:4:\"1000\";s:11:\"category_id\";s:1:\"1\";s:13:\"category_name\";s:4:\"Bags\";}'),
(36, 36, 3, '5e53c-2.png', 'Cordelia M Flame Orange', 'Cordelia M Flame Orange', 4, 2450000.0000, 9800000.0000, 0, '', 0.0000, 500, 'a:3:{s:5:\"berat\";s:3:\"500\";s:11:\"category_id\";s:1:\"2\";s:13:\"category_name\";s:7:\"Wallets\";}'),
(37, 37, 2, '620d9-Untitled-2.jpg', 'Baskom Panjang', 'P0002', 1, 25000.0000, 25000.0000, 0, '', 0.0000, 0, 'a:3:{s:5:\"berat\";s:1:\"0\";s:11:\"category_id\";s:1:\"7\";s:13:\"category_name\";s:19:\"Wash Basin / Baskom\";}'),
(38, 38, 1, '45020-babylonish_pliko-ride-on-happy-car-red-mainan-anak_full01.jpg', 'Lorem ipsum dolor sit amet, consectetur adipisicing elit.', 'P00015', 3, 399000.0000, 1197000.0000, 0, '', 0.0000, 1000, 'a:3:{s:5:\"berat\";s:4:\"1000\";s:11:\"category_id\";s:1:\"0\";s:13:\"category_name\";N;}'),
(39, 39, 1, '45020-babylonish_pliko-ride-on-happy-car-red-mainan-anak_full01.jpg', 'Lorem ipsum dolor sit amet, consectetur adipisicing elit.', 'P00015', 2, 399000.0000, 798000.0000, 0, '', 0.0000, 1000, 'a:3:{s:5:\"berat\";s:4:\"1000\";s:11:\"category_id\";s:1:\"0\";s:13:\"category_name\";N;}'),
(40, 0, 1, '45020-babylonish_pliko-ride-on-happy-car-red-mainan-anak_full01.jpg', 'Lorem ipsum dolor sit amet, consectetur adipisicing elit.', 'P00015', 1, 399000.0000, 399000.0000, 0, '', 0.0000, 1000, 'a:3:{s:5:\"berat\";s:4:\"1000\";s:11:\"category_id\";s:1:\"0\";s:13:\"category_name\";N;}'),
(41, 0, 1, '45020-babylonish_pliko-ride-on-happy-car-red-mainan-anak_full01.jpg', 'Lorem ipsum dolor sit amet, consectetur adipisicing elit.', 'P00015', 1, 399000.0000, 399000.0000, 0, '', 0.0000, 1000, 'a:3:{s:5:\"berat\";s:4:\"1000\";s:11:\"category_id\";s:1:\"0\";s:13:\"category_name\";N;}'),
(42, 0, 1, '45020-babylonish_pliko-ride-on-happy-car-red-mainan-anak_full01.jpg', 'Lorem ipsum dolor sit amet, consectetur adipisicing elit.', 'P00015', 1, 399000.0000, 399000.0000, 0, '', 0.0000, 1000, 'a:3:{s:5:\"berat\";s:4:\"1000\";s:11:\"category_id\";s:1:\"0\";s:13:\"category_name\";N;}'),
(43, 0, 1, '45020-babylonish_pliko-ride-on-happy-car-red-mainan-anak_full01.jpg', 'Lorem ipsum dolor sit amet, consectetur adipisicing elit.', 'P00015', 1, 399000.0000, 399000.0000, 0, '', 0.0000, 1000, 'a:3:{s:5:\"berat\";s:4:\"1000\";s:11:\"category_id\";s:1:\"0\";s:13:\"category_name\";N;}'),
(44, 0, 1, '45020-babylonish_pliko-ride-on-happy-car-red-mainan-anak_full01.jpg', 'Lorem ipsum dolor sit amet, consectetur adipisicing elit.', 'P00015', 1, 399000.0000, 399000.0000, 0, '', 0.0000, 1000, 'a:3:{s:5:\"berat\";s:4:\"1000\";s:11:\"category_id\";s:1:\"0\";s:13:\"category_name\";N;}'),
(45, 40, 1, '45020-babylonish_pliko-ride-on-happy-car-red-mainan-anak_full01.jpg', 'Lorem ipsum dolor sit amet, consectetur adipisicing elit.', 'P00015', 1, 399000.0000, 399000.0000, 0, '', 0.0000, 1000, 'a:3:{s:5:\"berat\";s:4:\"1000\";s:11:\"category_id\";s:1:\"0\";s:13:\"category_name\";N;}'),
(46, 41, 1, '45020-babylonish_pliko-ride-on-happy-car-red-mainan-anak_full01.jpg', 'Lorem ipsum dolor sit amet, consectetur adipisicing elit.', 'P00015', 1, 399000.0000, 399000.0000, 0, '', 0.0000, 1000, 'a:3:{s:5:\"berat\";s:4:\"1000\";s:11:\"category_id\";s:1:\"0\";s:13:\"category_name\";N;}'),
(47, 42, 1, '8c6b5-big_product_stumble.jpg', 'Ipsum dolor', 'P00015', 2, 6.5000, 13.0000, 0, '', 0.0000, 600, 'a:3:{s:5:\"berat\";s:3:\"600\";s:11:\"category_id\";s:1:\"0\";s:13:\"category_name\";N;}'),
(48, 43, 1, '8c6b5-big_product_stumble.jpg', 'Ipsum dolor', 'P00015', 1, 24.0000, 24.0000, 3, '2000 Gram', 24.0000, 600, 'a:4:{s:5:\"grind\";s:6:\"Chemex\";s:5:\"berat\";s:3:\"600\";s:11:\"category_id\";s:1:\"0\";s:13:\"category_name\";N;}'),
(49, 44, 1, '8c6b5-big_product_stumble.jpg', 'Ipsum dolor', 'P00015', 1, 12.5000, 12.5000, 2, '1000 Gram', 12.5000, 600, 'a:4:{s:5:\"grind\";s:16:\"Espresso machine\";s:5:\"berat\";s:3:\"600\";s:11:\"category_id\";s:1:\"0\";s:13:\"category_name\";N;}'),
(50, 45, 2, '079ad-big_product_stumble.jpg', 'GUATEMALA', 'P00015', 1, 7.2300, 7.2300, 0, '', 0.0000, 600, 'a:3:{s:5:\"berat\";s:3:\"600\";s:11:\"category_id\";s:1:\"0\";s:13:\"category_name\";N;}'),
(51, 46, 2, '079ad-big_product_stumble.jpg', 'GUATEMALA', 'P00015', 6, 7.2300, 43.3800, 0, '', 0.0000, 600, 'a:3:{s:5:\"berat\";s:3:\"600\";s:11:\"category_id\";s:1:\"0\";s:13:\"category_name\";N;}');

-- --------------------------------------------------------

--
-- Table structure for table `or_order_status`
--

CREATE TABLE `or_order_status` (
  `order_status_id` int(11) NOT NULL,
  `name` varchar(32) NOT NULL
) ENGINE=MyISAM DEFAULT CHARSET=utf8;

--
-- Dumping data for table `or_order_status`
--

INSERT INTO `or_order_status` (`order_status_id`, `name`) VALUES
(2, 'Processing'),
(3, 'Shipped'),
(7, 'Canceled'),
(5, 'Complete'),
(8, 'Denied'),
(9, 'Canceled Reversal'),
(10, 'Failed'),
(11, 'Refunded'),
(12, 'Reversed'),
(13, 'Chargeback'),
(1, 'Pending'),
(16, 'Voided'),
(15, 'Processed'),
(14, 'Expired'),
(17, 'Paid');

-- --------------------------------------------------------

--
-- Table structure for table `pdf`
--

CREATE TABLE `pdf` (
  `id` int(11) NOT NULL,
  `category_id` int(11) NOT NULL,
  `nama` varchar(100) NOT NULL,
  `image` varchar(200) NOT NULL,
  `file` varchar(200) NOT NULL,
  `size` decimal(10,3) NOT NULL,
  `sort` int(11) NOT NULL,
  `date_input` datetime NOT NULL
) ENGINE=MyISAM DEFAULT CHARSET=latin1;

--
-- Dumping data for table `pdf`
--

INSERT INTO `pdf` (`id`, `category_id`, `nama`, `image`, `file`, `size`, `sort`, `date_input`) VALUES
(5, 0, 'Coba PDF', 'ef25b-per.jpg', 'Doc1 - Copy2.pdf', 78306.000, 1, '0000-00-00 00:00:00');

-- --------------------------------------------------------

--
-- Table structure for table `pg_bank`
--

CREATE TABLE `pg_bank` (
  `id` int(25) NOT NULL,
  `id_bank` int(25) NOT NULL,
  `nama` varchar(225) NOT NULL,
  `rekening` int(50) NOT NULL
) ENGINE=InnoDB DEFAULT CHARSET=latin1;

--
-- Dumping data for table `pg_bank`
--

INSERT INTO `pg_bank` (`id`, `id_bank`, `nama`, `rekening`) VALUES
(1, 2, 'test nama bank', 2147483647),
(2, 4, 'test nama', 928374837);

-- --------------------------------------------------------

--
-- Table structure for table `pg_blog`
--

CREATE TABLE `pg_blog` (
  `id` int(11) NOT NULL,
  `topik_id` int(11) NOT NULL,
  `image` varchar(255) NOT NULL,
  `active` int(11) NOT NULL,
  `date_input` datetime NOT NULL,
  `date_update` datetime NOT NULL,
  `insert_by` varchar(255) NOT NULL,
  `last_update_by` varchar(255) NOT NULL,
  `writer` int(25) NOT NULL
) ENGINE=MyISAM DEFAULT CHARSET=latin1;

-- --------------------------------------------------------

--
-- Table structure for table `pg_blog_description`
--

CREATE TABLE `pg_blog_description` (
  `id` int(11) NOT NULL,
  `blog_id` int(11) NOT NULL,
  `language_id` int(11) NOT NULL,
  `title` varchar(255) NOT NULL,
  `content` text NOT NULL,
  `quote` text NOT NULL
) ENGINE=MyISAM DEFAULT CHARSET=latin1;

--
-- Dumping data for table `pg_blog_description`
--

INSERT INTO `pg_blog_description` (`id`, `blog_id`, `language_id`, `title`, `content`, `quote`) VALUES
(4, 1, 3, 'Akhir 2019 Pabrik Poliester PT Trias Sentosa Tbk. Akan Mulai Produksi', '<p><br></p>  <p>Pabrik Poliester yang akan menjadi salah satu pabrik dari PT Trias Sentosa akan mulai produksi akhir tahun 2019 ini. Presiden Direktur PT Trias Sentosa Tbk. Sugeng Kurniawan mengatakan, saat ini pembangunan atau konstruksi pabrik PT Trias Toyobo Astria (TTA) dan PT Toyobo Trias Ecosyar (TTE) sedang berlangsung. Sebagian mesin juga telah tiba, meski belum seluruhnya karena masih dalam proses di vendor.</p>  <p>Sugeng Kurniawan yakin pemasangan dan persiapan operasi (commissioning) mesin ini direncanakan selesai pada kuartal III/2019. Selanjutnya, kedua perusahaan akan mulai beroperasi pada kuartal IV/2019.</p>  <p>PT TTA yang dibentuk PT Trias Sentosa ini untuk memproduksi dan mendistribusikan produk lembar film poliester untuk domestik dan ekspor. Adapun, PT TTE dibentuk untuk memproduksi dan mendistribusikan produk turunan lembar film poliester terutama untuk pasar ekspor dan dimungkinkan untuk pasar domestik. </p>  <p>Selain fokus menyelesaikan pembangunan pabrik, pada tahun ini perseroan mengalokasikan Rp58 miliar yang berasal dari dana internal untuk pembelian mesin converting. Adapun, pada tahun sebelumnya, kami juga mengalokasikan belanja modal sebesar Rp150 miliar untuk pembelian 3 mesin metalizing.</p><p>Sumber: <a href=\"https://market.bisnis.com/read/20190225/192/893167/pabrik-poliester-trias-sentosa-tbk.-trst-mulai-produksi-akhir-2019\">https://market.bisnis.com/read/20190225/192/893167/pabrik-poliester-trias-sentosa-tbk.-trst-mulai-produksi-akhir-2019</a></p>', ''),
(3, 1, 2, 'End of 2019, PT Trias Sentosa Tbk. Polyester Factory Will Start Production', '<p><br></p><p>The Polyester factory which will become one of the factories of PT Trias Sentosa will begin production by the end of 2019. President Director PT Trias Sentosa Tbk. Sugeng Kurniawan said, currently the construction or construction of PT Trias Toyobo Astria (TTA) and PT Toyobo Trias Ecosyar (TTE) factories is ongoing. Some machines have also arrived, though not all because they are still in process at the vendor.</p><p>Sugeng Kurniawan believes that the installation and commissioning of the machine is planned to be completed in the third / 2019 quarter. Furthermore, the two companies will start operations in the fourth quarter of 2019.</p><p>PT TTA was formed by PT Trias Sentosa to produce and distribute polyester film sheet products for domestic and export. Meanwhile, PT TTE was formed to produce and distribute polyester film derivative products mainly for the export market and is possible for the domestic market.</p><p>In addition to focusing on completing the construction of the factory, this year the company allocated Rp58 billion from internal funds to purchase converting machines. Meanwhile, in the previous year, we also allocated a capital expenditure of Rp150 billion to purchase 3 metalizing machines.</p><p>Source: <a href=\"https://market.bisnis.com/read/20190225/192/893167/pabrik-poliester-trias-sentosa-tbk.-trst-mulai-produksi-akhir-2019\">https://market.bisnis.com/read/20190225/192/893167/pabrik-poliester-trias-sentosa-tbk.-trst-mulai-produksi-akhir-2019</a></p>', '');

-- --------------------------------------------------------

--
-- Table structure for table `pg_faq`
--

CREATE TABLE `pg_faq` (
  `id` int(20) NOT NULL,
  `status` int(1) NOT NULL
) ENGINE=InnoDB DEFAULT CHARSET=latin1;

--
-- Dumping data for table `pg_faq`
--

INSERT INTO `pg_faq` (`id`, `status`) VALUES
(1, 1),
(2, 0);

-- --------------------------------------------------------

--
-- Table structure for table `pg_faq_description`
--

CREATE TABLE `pg_faq_description` (
  `id` int(11) NOT NULL,
  `faq_id` int(11) NOT NULL,
  `language_id` int(11) NOT NULL,
  `question` text NOT NULL,
  `answer` longtext NOT NULL
) ENGINE=MyISAM DEFAULT CHARSET=latin1;

--
-- Dumping data for table `pg_faq_description`
--

INSERT INTO `pg_faq_description` (`id`, `faq_id`, `language_id`, `question`, `answer`) VALUES
(1, 1, 1, 'test tanya indo', '<p>\r\n test jawab indo\r\n</p>'),
(2, 1, 2, 'test tanya?', '<p>\r\n test jawab 1\r\n</p>'),
(3, 2, 2, 'test question 1', '<p>\r\n test answer 1\r\n</p>');

-- --------------------------------------------------------

--
-- Table structure for table `pg_list_bank`
--

CREATE TABLE `pg_list_bank` (
  `id` int(50) NOT NULL,
  `nama` varchar(225) NOT NULL,
  `label` varchar(225) NOT NULL
) ENGINE=InnoDB DEFAULT CHARSET=latin1;

--
-- Dumping data for table `pg_list_bank`
--

INSERT INTO `pg_list_bank` (`id`, `nama`, `label`) VALUES
(1, 'bank_mega', 'Bank Mega'),
(2, 'bca', 'BCA'),
(3, 'bca_syariah', 'BCA Syariah'),
(4, 'bii', 'BII'),
(5, 'bni', 'BNI'),
(6, 'bni_syariah', 'BNI Syariah'),
(7, 'bri', 'BRI'),
(8, 'bri_syariah', 'BRI Syariah'),
(9, 'cimb_niaga', 'CIMB Niaga'),
(10, 'cimb_niaga_syariah', 'CIMB Niaga Syariah'),
(11, 'citibank', 'Citibank'),
(12, 'danamon', 'Danamon'),
(13, 'hsbc', 'HSBC'),
(14, 'mandiri', 'Mandiri'),
(15, 'mandiri_syariah', 'Mandiri Syariah'),
(16, 'money_gram', 'Money Gram'),
(17, 'muamalat', 'Muamalat'),
(18, 'paypal', 'Paypal'),
(19, 'permata', 'Permata'),
(20, 'visa', 'Visa'),
(21, 'western_union', 'Western Union');

-- --------------------------------------------------------

--
-- Table structure for table `pg_pages`
--

CREATE TABLE `pg_pages` (
  `id` int(11) NOT NULL,
  `name` varchar(256) NOT NULL,
  `type` int(1) NOT NULL DEFAULT 1,
  `group` varchar(100) NOT NULL
) ENGINE=InnoDB DEFAULT CHARSET=latin1;

--
-- Dumping data for table `pg_pages`
--

INSERT INTO `pg_pages` (`id`, `name`, `type`, `group`) VALUES
(1, 'testimonial', 0, 'testimonial'),
(2, 'articles', 0, 'blog'),
(3, 'about', 0, 'static'),
(4, 'contact', 0, 'static'),
(5, 'faq', 0, 'faq'),
(6, 'how_to_shop', 0, 'static'),
(7, 'payment_confirmation', 0, 'static'),
(8, 'bank', 0, 'bank');

-- --------------------------------------------------------

--
-- Table structure for table `pg_pages_description`
--

CREATE TABLE `pg_pages_description` (
  `id` int(11) NOT NULL,
  `page_id` int(11) NOT NULL,
  `language_id` int(11) NOT NULL,
  `page_name` varchar(225) NOT NULL,
  `content` longtext NOT NULL,
  `meta_title` varchar(225) NOT NULL,
  `meta_keyword` text NOT NULL,
  `meta_description` text NOT NULL
) ENGINE=InnoDB DEFAULT CHARSET=latin1;

--
-- Dumping data for table `pg_pages_description`
--

INSERT INTO `pg_pages_description` (`id`, `page_id`, `language_id`, `page_name`, `content`, `meta_title`, `meta_keyword`, `meta_description`) VALUES
(11, 4, 1, 'Kontak Kami', '<p>\r\n  Untuk mengedit halaman ini anda bisa melakukannya dengan masuk ke admin panel -&gt; Pages -&gt; Contact\r\n</p>\r\n<p>\r\n    CMS Ini juga support dalam dual bahasa, anda bisa menambahkan bahasa  lain di website anda di admin panel -&gt; General Setting -&gt;  Language(Bahasa)\r\n</p>', 'Kontak Kami', 'edit di admin panel -> Pages -> Contact', 'edit di admin panel -> Pages -> Contact'),
(12, 4, 2, 'Contact', '<p>\r\n  Untuk mengedit halaman ini anda bisa melakukannya dengan masuk ke admin panel -&gt; Pages -&gt; Contact\r\n</p>\r\n<p>\r\n    CMS Ini juga support dalam dual bahasa, anda bisa menambahkan bahasa  lain di website anda di admin panel -&gt; General Setting -&gt;  Language(Bahasa)\r\n</p>', 'Contact', 'edit di admin panel -> Pages -> Contact', 'edit di admin panel -> Pages -> Contact'),
(13, 6, 1, 'How To Shop', '<p>\r\n  Untuk mengedit halaman ini anda bisa melakukannya dengan masuk ke admin panel -&gt; Pages -&gt; How To Shop\r\n</p>\r\n<p>\r\n     CMS Ini juga support dalam dual bahasa, anda bisa menambahkan bahasa  lain di website anda di admin panel -&gt; General Setting -&gt;  Language(Bahasa)\r\n</p>', 'How To Shop', 'Edit di admin panel -> Pages -> How To Shop', 'Edit di admin panel -> Pages -> How To Shop'),
(14, 6, 2, 'How To Shop', '<p>\r\n  Untuk mengedit halaman ini anda bisa melakukannya dengan masuk ke admin panel -&gt; Pages -&gt; How To Shop\r\n</p>\r\n<p>\r\n     CMS Ini juga support dalam dual bahasa, anda bisa menambahkan bahasa  lain di website anda di admin panel -&gt; General Setting -&gt;  Language(Bahasa)\r\n</p>', 'How To Shop', 'Edit di admin panel -> Pages -> How To Shop', 'Edit di admin panel -> Pages -> How To Shop'),
(15, 7, 1, 'Konfirmasi Pembayaran', '<p>\r\n       Untuk mengedit halaman ini anda bisa melakukannya dengan masuk ke admin panel -&gt; Pages -&gt; Payment Confirmation\r\n</p>\r\n<p>\r\n     CMS Ini juga support dalam dual bahasa, anda bisa menambahkan bahasa  lain di website anda di admin panel -&gt; General Setting -&gt;  Language(Bahasa)\r\n</p>', 'Konfirmasi Pembayaran', 'Edit di admin panel -> Pages -> Payment Confirmation', 'Edit di admin panel -> Pages -> Payment Confirmation'),
(16, 7, 2, 'Payment Confirmation', '<p>\r\n      Untuk mengedit halaman ini anda bisa melakukannya dengan masuk ke admin panel -&gt; Pages -&gt; Payment Confirmation\r\n</p>\r\n<p>\r\n     CMS Ini juga support dalam dual bahasa, anda bisa menambahkan bahasa  lain di website anda di admin panel -&gt; General Setting -&gt;  Language(Bahasa)\r\n</p>', 'Payment Confirmation', 'Edit di admin panel -> Pages -> Payment Confirmation', 'Edit di admin panel -> Pages -> Payment Confirmation'),
(17, 3, 2, 'About', '<p>\r\n       Untuk mengedit halaman ini anda bisa melakukannya dengan masuk ke admin panel -&gt; Pages -&gt; About\r\n</p>\r\n<p>\r\n    CMS Ini juga support dalam dual bahasa, anda bisa menambahkan bahasa lain di website anda di admin panel -&gt; General Setting -&gt; Language(Bahasa)\r\n</p>', 'About', 'edit di admin panel -> Pages -> About', 'edit di admin panel -> Pages -> About');

-- --------------------------------------------------------

--
-- Table structure for table `pg_testimonial`
--

CREATE TABLE `pg_testimonial` (
  `id` int(25) NOT NULL,
  `name` varchar(225) NOT NULL,
  `email` varchar(225) NOT NULL,
  `testimonial` longtext NOT NULL,
  `status` int(1) NOT NULL,
  `date` datetime NOT NULL
) ENGINE=InnoDB DEFAULT CHARSET=latin1;

--
-- Dumping data for table `pg_testimonial`
--

INSERT INTO `pg_testimonial` (`id`, `name`, `email`, `testimonial`, `status`, `date`) VALUES
(1, 'Ibnu', 'ibnu@markdesign.net', '', 1, '2014-07-14 09:51:53');

-- --------------------------------------------------------

--
-- Table structure for table `pg_testimonial_description`
--

CREATE TABLE `pg_testimonial_description` (
  `id` int(11) NOT NULL,
  `testimonial_id` int(11) NOT NULL,
  `language_id` int(11) NOT NULL,
  `content` longtext NOT NULL
) ENGINE=MyISAM DEFAULT CHARSET=latin1;

--
-- Dumping data for table `pg_testimonial_description`
--

INSERT INTO `pg_testimonial_description` (`id`, `testimonial_id`, `language_id`, `content`) VALUES
(8, 1, 2, 'test'),
(7, 1, 1, 'test');

-- --------------------------------------------------------

--
-- Table structure for table `pg_type_letak`
--

CREATE TABLE `pg_type_letak` (
  `id` int(11) NOT NULL,
  `letak` varchar(225) NOT NULL,
  `page_id` int(11) NOT NULL,
  `tampil` int(11) NOT NULL,
  `sort` int(15) NOT NULL
) ENGINE=InnoDB DEFAULT CHARSET=latin1;

--
-- Dumping data for table `pg_type_letak`
--

INSERT INTO `pg_type_letak` (`id`, `letak`, `page_id`, `tampil`, `sort`) VALUES
(177, 'header', 2, 1, 1),
(178, 'header', 6, 1, 2),
(179, 'header', 4, 1, 3),
(180, 'header', 1, 0, 4),
(181, 'header', 3, 0, 5),
(182, 'header', 5, 0, 6),
(183, 'header', 7, 0, 7),
(184, 'header', 8, 0, 8),
(185, 'footer', 3, 1, 1),
(186, 'footer', 6, 1, 2),
(187, 'footer', 4, 1, 3),
(188, 'footer', 1, 0, 4),
(189, 'footer', 2, 0, 5),
(190, 'footer', 5, 0, 6),
(191, 'footer', 7, 0, 7),
(192, 'footer', 8, 0, 8);

-- --------------------------------------------------------

--
-- Table structure for table `prd_brand`
--

CREATE TABLE `prd_brand` (
  `id` int(11) NOT NULL,
  `image` varchar(255) NOT NULL,
  `active` int(11) NOT NULL,
  `date_input` datetime NOT NULL,
  `date_update` datetime NOT NULL,
  `insert_by` varchar(255) NOT NULL,
  `last_update_by` varchar(255) NOT NULL,
  `logo` varchar(255) NOT NULL,
  `type` int(11) NOT NULL
) ENGINE=MyISAM DEFAULT CHARSET=latin1;

-- --------------------------------------------------------

--
-- Table structure for table `prd_brand_description`
--

CREATE TABLE `prd_brand_description` (
  `id` int(11) NOT NULL,
  `brand_id` int(11) NOT NULL,
  `language_id` int(11) NOT NULL,
  `title` varchar(255) NOT NULL,
  `content` text NOT NULL
) ENGINE=MyISAM DEFAULT CHARSET=latin1;

-- --------------------------------------------------------

--
-- Table structure for table `prd_category`
--

CREATE TABLE `prd_category` (
  `id` int(11) NOT NULL,
  `parent_id` int(11) NOT NULL,
  `sort` int(11) NOT NULL,
  `image` varchar(200) NOT NULL,
  `image2` varchar(200) NOT NULL,
  `image3` varchar(200) NOT NULL,
  `type` varchar(100) NOT NULL,
  `data` text NOT NULL
) ENGINE=MyISAM DEFAULT CHARSET=latin1;

--
-- Dumping data for table `prd_category`
--

INSERT INTO `prd_category` (`id`, `parent_id`, `sort`, `image`, `image2`, `image3`, `type`, `data`) VALUES
(1, 0, 1, '', '', '', 'category', ''),
(2, 0, 2, '', '', '', 'category', ''),
(3, 0, 3, '', '', '', 'category', ''),
(4, 0, 4, '', '', '', 'category', '');

-- --------------------------------------------------------

--
-- Table structure for table `prd_category_description`
--

CREATE TABLE `prd_category_description` (
  `id` int(11) NOT NULL,
  `category_id` int(11) NOT NULL,
  `language_id` int(11) NOT NULL,
  `name` varchar(100) NOT NULL,
  `desc` text NOT NULL,
  `data` text NOT NULL
) ENGINE=MyISAM DEFAULT CHARSET=latin1;

--
-- Dumping data for table `prd_category_description`
--

INSERT INTO `prd_category_description` (`id`, `category_id`, `language_id`, `name`, `desc`, `data`) VALUES
(1, 1, 2, 'Aplikasi Dinding', '', ''),
(2, 2, 2, 'Aplikasi Lantai', '', ''),
(3, 3, 2, 'Aplikasi Partisi & Plafon', '', ''),
(4, 4, 2, 'Aplikasi Waterprofing', '', '');

-- --------------------------------------------------------

--
-- Table structure for table `prd_category_product`
--

CREATE TABLE `prd_category_product` (
  `id` int(11) NOT NULL,
  `category_id` int(11) NOT NULL,
  `product_id` int(11) NOT NULL
) ENGINE=MyISAM DEFAULT CHARSET=latin1;

--
-- Dumping data for table `prd_category_product`
--

INSERT INTO `prd_category_product` (`id`, `category_id`, `product_id`) VALUES
(2, 1, 3),
(64, 1, 4),
(63, 1, 6),
(57, 2, 7),
(58, 1, 8),
(59, 1, 9),
(62, 2, 10),
(61, 4, 11);

-- --------------------------------------------------------

--
-- Table structure for table `prd_product`
--

CREATE TABLE `prd_product` (
  `id` int(11) NOT NULL,
  `category_id` int(11) NOT NULL,
  `brand_id` int(11) NOT NULL,
  `image` varchar(200) NOT NULL,
  `kode` varchar(50) NOT NULL,
  `harga` decimal(11,2) NOT NULL,
  `harga_coret` decimal(11,2) NOT NULL,
  `harga_retail` int(11) NOT NULL,
  `stock` int(11) NOT NULL,
  `berat` int(11) NOT NULL,
  `terbaru` int(11) NOT NULL,
  `terlaris` int(11) NOT NULL,
  `out_stock` int(11) NOT NULL,
  `status` int(11) NOT NULL,
  `date` datetime NOT NULL,
  `date_input` datetime NOT NULL,
  `date_update` datetime NOT NULL,
  `data` text NOT NULL,
  `tag` varchar(200) NOT NULL,
  `onsale` int(2) DEFAULT NULL,
  `rekomendasi` int(2) DEFAULT NULL,
  `urutan` int(5) DEFAULT NULL
) ENGINE=MyISAM DEFAULT CHARSET=latin1;

--
-- Dumping data for table `prd_product`
--

INSERT INTO `prd_product` (`id`, `category_id`, `brand_id`, `image`, `kode`, `harga`, `harga_coret`, `harga_retail`, `stock`, `berat`, `terbaru`, `terlaris`, `out_stock`, `status`, `date`, `date_input`, `date_update`, `data`, `tag`, `onsale`, `rekomendasi`, `urutan`) VALUES
(4, 0, 0, '9d9f2-8.png', 'MGM62753', 0.00, 0.00, 0, 0, 40000, 0, 0, 0, 1, '2021-03-02 17:47:58', '2021-03-02 17:47:58', '2021-03-09 06:49:18', 'a:9:{s:20:\"standar_acuan_produk\";s:45:\"<ul><li>DIN 18550</li><li>DIN 18555</li></ul>\";s:15:\"dasar_permukaan\";s:137:\"<ul><li>Permukaan struktur yang rigid & stabil (sloof atau ring balk) baik beton atau baja</li><li>Permukaan beton ringan (ALC)</li></ul>\";s:10:\"keunggulan\";s:399:\"<ul><li>Lengket & plastis saat diaplikasi</li><li>Daya rekat tinggi dengan ketebalan 3 mm (thin bed)</li><li>Pasangan bata ringan dapat disusun lebih tinggi sebelum kolom praktis didirikan</li><li>Hemat penggunaan bahan adukan</li><li>Sangat cepat dikerjakan</li><li>Tidak menyusut</li><li>Rapih & sangat kuat hasilnya</li><li>Dapat juga digunakan untuk pekerjaan perbaikan permukaan beton</li></ul>\";s:14:\"cara_pemakaian\";s:825:\"<p>- Alat Kerja : Roskam bergigi 6 mm</p><p>- Persiapan :</p><ul><li>Siapkan tempat kerja & dasar permukaan dimana akan dipasang bata ringan</li><li>Pasang petunjuk-petunjuk yang cukup untuk kerataan pemasangan bata ringan</li><li>Bersihkan dasar permukaan tersebut dari kotoran & minyak, kemudian basahi dengan air.</li><li>Bata ringan yang hendak dipasang sebaiknya juga di basahi terlebih dulu permukaannya dengan air</li></ul><p>- Pengadukan :</p><ul><li>Masukan adukan kering GM-780 kedalam bak adukan</li><li>Tuang air sebanyak 10,0 10,5 liter untuk tiap kantong GM-780 (40 kg)</li><li>Aduk campuran di atas hingga rata</li></ul><p>- Aplikasi :</p><ul><li>Pemasangan bata ringan dilakukan secara manual dengan roskam bergigi sebagaimana umumnya.</li><li>Tebal spesi adukan perekat yang di anjurkan adalah 3 mm</li></ul>\";s:11:\"data_teknik\";s:1031:\"<table>\r\n	<tbody><tr>\r\n		<td>Warna</td>\r\n		<td>Abu-abu muda</td>\r\n	</tr>\r\n	<tr>\r\n		<td>Perekat</td>\r\n		<td>Semen Portland</td>\r\n	</tr>\r\n	<tr>\r\n		<td>Agregat</td>\r\n		<td>Pasir silika dengan besar butir maksimum 0,6 mm</td>\r\n	</tr>\r\n	<tr>\r\n		<td>Bahan pengisi (filler)</td>\r\n		<td>Guna meningkatkan kepadatan serta mengurangi porositas bahan adukan.</td>\r\n	</tr>\r\n	<tr>\r\n		<td>Bahan tambahan (additive)</td>\r\n		<td>Bahan larut air guna meningkatkan kelecakan (konsistensi), daya rekat & kekuatan</td>\r\n	</tr>\r\n	<tr>\r\n		<td>Kepadatan</td>\r\n		<td>Kering: 1,60 kg/liter, Basah: 1,85 kg/liter</td>\r\n	</tr>\r\n	<tr>\r\n		<td>Tebal aplikasi</td>\r\n		<td>± 3 mm</td>\r\n	</tr>\r\n	<tr>\r\n		<td>Kebutuhan air</td>\r\n		<td>10,0 10,5 liter / sak 40 kg</td>\r\n	</tr>\r\n	<tr>\r\n		<td>Compressive strength</td>\r\n		<td>ASTM C109 : &gt; 12 N/mm2</td>\r\n	</tr>\r\n	<tr>\r\n		<td>Water retention</td>\r\n		<td>BS 4551 : 1998 : &gt; 95 %</td>\r\n	</tr>\r\n	<tr>\r\n		<td>Adhesion strength (pull-off)</td>\r\n		<td>BS 4551 : 1998 : &gt; 0.5 N/mm2</td>\r\n	</tr>\r\n	\r\n</tbody></table>\";s:10:\"daya_sebar\";s:147:\"<p>Beton ringan tebal 10 cm</p><p>± 12 - 18 m / sak 40 kg / 2 - 3 mm</p><p>Beton ringan tebal 7,5 cm</p><p>± 18 - 25 m / sak 40 kg / 2 - 3 mm</p>\";s:7:\"kemasan\";s:40:\"<p>Kantong kertas (sak) berisi 40 kg</p>\";s:15:\"masa_kadaluarsa\";s:92:\"<p>12 bulan bila disimpan dalam kantong tertutup dalam ruangan</p><p>yang selalu kering.</p>\";s:11:\"penyimpanan\";s:111:\"<p>Simpan di dalam ruangan & jaga agar selalu dalam keadaan</p><p>kering. Hindari tumpukan yang berlebihan.</p>\";}', 'category=Aplikasi Dinding, category=1,', NULL, NULL, 1),
(6, 0, 0, '6a70e-6.png', 'MGM34532', 0.00, 0.00, 0, 0, 40000, 0, 0, 0, 1, '2021-03-02 18:15:13', '2021-03-02 18:15:13', '2021-03-09 06:48:42', 'a:9:{s:20:\"standar_acuan_produk\";s:64:\"<ul><li>DIN 18550 </li><li>DIN 18555 </li><li>DIN 1053</li></ul>\";s:15:\"dasar_permukaan\";s:411:\"<p>Pekerjaan Pasangan Bata (thick bed) : </p><ul><li>Permukaan struktur yang rigid & stabil (sloof atau ring\r\nbalok) baik beton atau baja </li><li>Permukaan bata merah </li><li>Permukaan bata ringan (ALC) </li></ul><p>Pekerjaan Plesteran : </p><ul><li>Permukaan pasangan bata merah atau bata ringan</li><li>Permukaan beton (terlebih dulu dengan pengetrikan dasar\r\npermukaan atau dengan bonding agent) </li></ul>\";s:10:\"keunggulan\";s:427:\"<ul><li>Berfungsi ganda dapat digunakan untuk pekerjaan\r\npasangan bata & pekerjaan plesteran </li><li>Adukan tidak cepat mengering & diserap oleh bahan\r\npasangan bata </li><li>Spesi adukan lebih tipis, sehingga dapat menghemat\r\npenggunaan bahan adukan. </li><li>Pasangan bata lebih rapi & selanjutnya pada pekerjaan\r\nplesteran dapat menghemat bahan adukan. </li><li>Dapat mencegah keretakan dinding akibat penyusutan.</li></ul>\";s:14:\"cara_pemakaian\";s:1300:\"<p>Alat Kerja : Roskam besi, jidar baja atau aluminium\r\nPersiapan : </p><p>- Pemasangan bata merah & bata ringan : </p><ul><li>Siapkan tempat kerja & dasar permukaan dimana akan\r\ndipasang bata. </li><li>Pasang petunjuk-petunjuk yang cukup untuk kerataan\r\npemasangan bata Bersihkan dasar permukaan tersebut\r\ndari kotoran & minyak, kemudian basahi dengan air. </li><li>Bata yang hendak dipasang sebaiknya juga di basahi terlebih\r\ndulu dengan air </li></ul><p>- Plesteran : </p><ul><li>Pasang petunjuk-petunjuk yang cukup untuk kerataan\r\npemlesteran </li><li>Bersihkan dasar permukaan yang akan diplester dari\r\nserpihan, kotoran & minyak yang dapat mengurangi daya\r\nrekat adukan </li><li>Jika terlalu kering, basahi dasar permukaan yang akan\r\ndiplester dengan air </li></ul><p>- Pengadukan : </p><ul><li>Masukan adukan kering GM-701 kedalam bak adukan</li><li>Tuang air sebanyak 6,0 - 6,5 liter untuk tiap kantong GM-701 (40kg) </li><li>Aduk campuran di atas hingga rata. </li></ul><p>- Aplikasi : </p><p>- Pemasangan bata & bata ringan (ALC) :</p><ul><li>Pemasangan bata dilakukan sebagaimana umumnya. </li><li>Tebal spesi yang di anjurkan adalah 10 mm </li></ul><p>- Plesteran : </p><ul><li>Pemlesteran dilakukan sebagaimana umumnya. </li><li>Tebal plesteran yang di anjurkan adalah 10 15 mm</li></ul>\";s:11:\"data_teknik\";s:1075:\"<table>\r\n	<tbody><tr>\r\n		<td>Warna</td>\r\n		<td>Abu-abu muda</td>\r\n	</tr>\r\n	<tr>\r\n		<td>Perekat</td>\r\n		<td>Semen Portland</td>\r\n	</tr>\r\n	<tr>\r\n		<td>Agregat</td>\r\n		<td>Pasir silika dengan besar butir maksimum 3.0 mm</td>\r\n	</tr>\r\n	<tr>\r\n		<td>Bahan pengisi (filler)</td>\r\n		<td>Guna meningkatkan kepadatan serta mengurangi porositas bahan adukan.</td>\r\n	</tr>\r\n	<tr>\r\n		<td>Bahan tambah (additive)</td>\r\n		<td>Bahan larut air guna meningkatkan kelecakan (konsistensi), daya rekat & kekuatan</td>\r\n	</tr>\r\n	<tr>\r\n		<td>Kepadatan (density)</td>\r\n		<td>Kering: 1,7 kg/liter Basah: 1,9 kg/liter</td>\r\n	</tr>\r\n	<tr>\r\n		<td>Tebal aplikasi</td>\r\n		<td>10 mm untuk pasangan bata & bata ringan, 10 15 mm untuk plesteran.</td>\r\n	</tr>\r\n	<tr>\r\n		<td>Kebutuhan air</td>\r\n		<td>6,0 - 6,5 liter / sak 40 kg</td>\r\n	</tr>\r\n	<tr>\r\n		<td>Compressive strength</td>\r\n		<td>ASTM C109 : &gt; 6 N/mm2</td>\r\n	</tr>\r\n	<tr>\r\n		<td>Water retentition</td>\r\n		<td>BS 4551 : 1998 : &gt; 95 %</td>\r\n	</tr>\r\n	<tr>\r\n		<td>Drying shrinkage</td>\r\n		<td>ASTM C531 : &gt; 0.1 %</td>\r\n	</tr>\r\n	\r\n</tbody></table>\";s:10:\"daya_sebar\";s:270:\"<p>- Pekerjaan pemasangan bata </p><p>Bata merah : 1,0 - 1,25 m / sak 40 kg / 10 mm </p><p>Bata ringan (ALC): 3.2 m / sak 40 kg / 10 mm </p><p>- Pekerjaan plesteran </p><p>Bata merah : ± 1,9 m / sak 40 kg / 10 mm </p><p>Bata ringan (ALC) : 2.1 m / sak 40 kg / 10 mm</p>\";s:7:\"kemasan\";s:40:\"<p>Kantong kertas (sak) berisi 40 kg</p>\";s:15:\"masa_kadaluarsa\";s:87:\"<p>12 bulan bila disimpan dalam kantong tertutup dalam\r\nruangan yang selalu kering.</p>\";s:11:\"penyimpanan\";s:106:\"<p>Simpan di dalam ruangan & jaga agar selalu dalam\r\nkeadaan kering. Hindari tumpukan yang berlebihan.</p>\";}', 'category=Aplikasi Dinding, category=1,', NULL, NULL, 2),
(7, 0, 0, 'f00c5-2.png', 'MGM66532', 0.00, 0.00, 0, 0, 40000, 0, 0, 0, 1, '2021-03-02 20:30:15', '2021-03-02 20:30:15', '2021-03-09 06:42:01', 'a:9:{s:20:\"standar_acuan_produk\";s:27:\"<ul><li>DIN 18550</li></ul>\";s:15:\"dasar_permukaan\";s:189:\"<ul><li>Permukaan plesteran</li><li>Permukaan pasangan bata ringan dengan metode \'thin bed\'</li><li>Permukaan beton </li></ul><p>* Tidak disarankan untuk digunakan pada permukaan lantai</p>\";s:10:\"keunggulan\";s:532:\"<ul><li>Dapat diaplikasi pada bagian interior & eksterior bangunan </li><li>Daya rekat tinggi pada permukaan yang halus & licin </li><li>Lengket & plastis saat diaplikasi </li><li>Adukan tidak cepat mengering saat diaplikasi </li><li>Dapat mencegah terjadinya retak rambut pada dinding\r\nakibat penyusutan. </li><li>Tidak memerlukan plamuur sebagai dasar pengecatan </li><li>Tidak menyerap bahan cat, sehingga menghemat\r\npenggunaan bahan cat </li><li>Hasil akhirnya lebih rapi & dapat menghemat biaya\r\npemeliharaan bangunan</li></ul>\";s:14:\"cara_pemakaian\";s:849:\"<p>- Alat Kerja : Roskam baja, jidar panjang dari baja atau\r\naluminium </p><p>- Persiapan : </p><ul><li>Siapkan tempat kerja & permukaan yang hendak diaci. </li><li>Bersihkan dasar permukaan yang akan diaci dari serpihan,\r\nkotoran & minyak yang dapat mengurangi daya rekat\r\nadukan </li><li>Jika terlalu kering, basahi dasar permukaan yang akan diaci\r\ndengan air </li></ul><p>- Pengadukan : </p><ul><li>Tuang air kedalam bak adukan sebanyak 12,5 - 13,0 liter\r\nuntuk tiap kantong GM-600PRO (40 kg) . </li><li>Masukan adukan kering GM-600PRO kedalam bak adukan </li><li>Aduk campuran di atas hingga rata. </li></ul><p>- Aplikasi : </p><ol><li>Pengacian dilakukan secara manual sebagaimana umumnya\r\nyang kemudian diratakan dengan jidar panjang. </li><li>Tebal acian yang di anjurkan adalah 1.5 - 3 mm, tergantung\r\nkerataan dasar permukaannya. </li></ol>\";s:11:\"data_teknik\";s:954:\"<table>\r\n	<tbody><tr>\r\n		<td>Warna</td>\r\n		<td>Abu-abu putih</td>\r\n	</tr>\r\n	<tr>\r\n		<td>Perekat</td>\r\n		<td>Semen Portland</td>\r\n	</tr>\r\n	<tr>\r\n		<td>Bahan pengisi (filler)</td>\r\n		<td>Guna meningkatkan kepadatan serta mengurangi porositas bahan adukan.</td>\r\n	</tr>\r\n	<tr>\r\n		<td>Bahan tambah (additive)</td>\r\n		<td>Bahan larut air guna meningkatkan kelecakan konsistensi), daya rekat, water </td>\r\n	</tr>\r\n	<tr>\r\n		<td>Tebal aplikasi</td>\r\n		<td>1.5 - 3 mm, tergantung kerataan dasar permukaannya</td>\r\n	</tr>\r\n	<tr>\r\n		<td>Kebutuhan air</td>\r\n		<td>12,5 - 13,0 liter / sak 40 kg</td>\r\n	</tr>\r\n	<tr>\r\n		<td>Kepadatan = Kering</td>\r\n		<td>1,2 kg/liter Basah : 1,8 kg/liter</td>\r\n	</tr>\r\n	<tr>\r\n		<td>Compressive strength</td>\r\n		<td>ASTM C109 : &gt; 8 N/mm2</td>\r\n	</tr>\r\n	<tr>\r\n		<td>Water retention = BS 4551</td>\r\n		<td>1980 : &gt; 95 %</td>\r\n	</tr>\r\n	<tr>\r\n		<td>Drying shrinkage</td>\r\n		<td>ASTM C531 : &lt; 0.1 %</td>\r\n	</tr>\r\n		\r\n</tbody></table>\";s:10:\"daya_sebar\";s:90:\"<p>14 19m / sak 40 kg / 1.5 - 2 mm. Variasi tergantung bentuk dan\r\nkerataan permukaan.</p>\";s:7:\"kemasan\";s:40:\"<p>Kantong kertas (sak) berisi 40 kg</p>\";s:15:\"masa_kadaluarsa\";s:87:\"<p>12 bulan bila disimpan dalam kantong tertutup dalam ruangan\r\nyang selalu kering.</p>\";s:11:\"penyimpanan\";s:106:\"<p>Simpan di dalam ruangan & jaga agar selalu dalam keadaan\r\nkering. Hindari tumpukan yang berlebihan.</p>\";}', 'category=Aplikasi Lantai, category=2,', NULL, NULL, 5),
(8, 0, 0, 'fc488-7.png', 'MGM99500', 0.00, 0.00, 0, 0, 40000, 0, 0, 0, 1, '2021-03-02 20:30:51', '2021-03-02 20:30:51', '2021-03-09 06:42:51', 'a:9:{s:20:\"standar_acuan_produk\";s:62:\"<ul><li>BS EN 1348 : 1999 </li><li>BS EN 1346 : 1999</li></ul>\";s:15:\"dasar_permukaan\";s:138:\"<ul><li>Permukaan pasangan bata merah & bata ringan</li><li>Permukaan plesteran</li><li>Permukaan acian </li><li>Permukaan beton</li></ul>\";s:10:\"keunggulan\";s:487:\"<ul><li>Lengket & plastis saat diaplikasi </li><li>Adukan tidak cepat mengering saat diaplikasi </li><li>Open time ± 10 - 20 menit, tergantung keadaan cuaca </li><li>Keramik dinding tidak merosot kebawah (saging) saat\r\ndipasang </li><li>Tahan terhadap susut - muai </li><li>Pasangan keramik melekat dengan kuat & tidak mudah\r\nlepas </li><li>Dapat langsung dikerjakan tanpa pengetrikan (chipping)\r\npermukaan dinding </li><li>Dapat juga digunakan sebagai perekat keramik lantai </li></ul>\";s:14:\"cara_pemakaian\";s:1214:\"<p>- Alat Kerja : Roskam bergigi </p><p>- Persiapan : </p><ul><li>Siapkan tempat kerja & permukaan yang akan dipasang\r\nkeramik. Sebaiknya keramik dipasang pada dasar yang telah\r\ncukup stabil & rata (pemakaian bahan adukan akan lebih\r\nboros pada dasar permukaan dinding bata yang tidak\r\ndiplester) </li><li>Gunakan campuran GM-800 (Larutan Kedap Air) bila\r\nmenginginkan dinding keramik yang lebih kedap air. </li><li>Pasang petunjuk-petunjuk yang cukup untuk kekerataan,\r\nkelurusan & kemudahan pekerjaan pemasangan </li><li>Bersihkan dasar permukaan tersebut dari serpihan,\r\nkotoran & minyak, kemudian basahi dengan air. </li><li>Keramik yang hendak dipasang sebaiknya juga di basahi\r\nterlebih dulu dengan air </li></ul><p>- Pengadukan : </p><ul><li>Masukan adukan kering GM-800 kedalam bak adukan </li><li>Tuang air sebanyak 6,5 7,0 liter untuk tiap kantong GM-800\r\n(25 kg) </li><li>Aduk campuran di atas hingga rata</li></ul><p>- Aplikasi : </p><ul><li><span class=\"redactor-invisible-space\">Pemasangan keramik dinding dilakukan secara manual\r\ndengan roskam bergigi sebagaimana umumnya. </span></li><li>Tebal adukan perekat yang di anjurkan adalah 3 - 5 mm.<span class=\"redactor-invisible-space\"></span></li></ul>\";s:11:\"data_teknik\";s:995:\"<table>\r\n	<tbody><tr>\r\n		<td>Warna</td>\r\n		<td>Abu-abu</td>\r\n	</tr>\r\n	<tr>\r\n		<td>Perekat</td>\r\n		<td>Semen Portland</td>\r\n	</tr>\r\n	<tr>\r\n		<td>Agregat</td>\r\n		<td>Pasir silika halus</td>\r\n	</tr>\r\n	<tr>\r\n		<td>Bahan pengisi (filler)</td>\r\n		<td>Guna meningkatkan kepadatan serta mengurangi porositas bahan adukan.</td>\r\n	</tr>\r\n	<tr>\r\n		<td>Bahan tambah (additive)</td>\r\n		<td>Bahan larut air guna meningkatkan kelecakan (konsistensi), daya rekat & kekuatan</td>\r\n	</tr>\r\n	<tr>\r\n		<td>Kepadatan</td>\r\n		<td>Kering = 1,6 kg/liter Basah = 1,85 kg/liter</td>\r\n	</tr>\r\n	<tr>\r\n		<td>Tebal aplikasi</td>\r\n		<td>3 - 5 mm, tergantung kerataan dasar permukaan, jenis dan bahan pasangan & ukurannya.</td>\r\n	</tr>\r\n	<tr>\r\n		<td>Kebutuhan air</td>\r\n		<td>6,5 - 7,0 liter / sak 25 kg</td>\r\n	</tr>\r\n	<tr>\r\n		<td>Open time</td>\r\n		<td>± 20 menit, tergantung kondisi cuaca</td>\r\n	</tr>\r\n	<tr>\r\n		<td>Tensile adhesion bond strength BS EN 1348</td>\r\n		<td>1999 : &gt; 0.8 N/mm2</td>\r\n	</tr>\r\n		\r\n</tbody></table>\";s:10:\"daya_sebar\";s:32:\"<p>± 5 m / sak 25 kg / 3 mm</p>\";s:7:\"kemasan\";s:40:\"<p>Kantong kertas (sak) berisi 40 kg</p>\";s:15:\"masa_kadaluarsa\";s:88:\"<p>12 bulan bila disimpan dalam kantong tertutup dalam ruangan\r\nyang selalu kering. </p>\";s:11:\"penyimpanan\";s:105:\"<p>Simpan di dalam ruangan & jaga agar selalu dalam keadaan\r\nkering. Hindari tumpukan yang berlebihan</p>\";}', 'category=Aplikasi Dinding, category=1,', NULL, NULL, 3),
(9, 0, 0, 'a48f2-4.png', 'MGM3977', 0.00, 0.00, 0, 0, 25000, 0, 0, 0, 1, '2021-03-02 20:37:20', '2021-03-02 20:37:20', '2021-03-09 06:44:00', 'a:9:{s:20:\"standar_acuan_produk\";s:52:\"<ul><li>DIN 18550 </li><li>BS 4551 : 1998 </li></ul>\";s:15:\"dasar_permukaan\";s:154:\"<ul><li>GM-670 dapat diaplikasikan pada : permukaan plaster dan\r\nbeton. </li><li>Tebal aplikasi : 1.5 - 3 mm, tergantung kerataan\r\npermukaannya </li></ul>\";s:10:\"keunggulan\";s:446:\"<ul><li>Dapat diaplikasikan pada dinding interior muapun\r\neksterior. </li><li>Daya rekat (adhesion strength) tinggi pada permukaan\r\nbeton maupun plester. </li><li>Open time cukup lama, tidak cepat mengering saat\r\ndiaplikasi. </li><li>Dapat mencegah terjadinya retak rambut pada dinding\r\nakibat penyusutan. </li><li>Warna putih cerah, sehingga tidak memerlukan pengecatan\r\n(dapat diekspos). </li><li>Ekonomis, menghemat biaya pengecatan.</li></ul>\";s:14:\"cara_pemakaian\";s:1071:\"<p>Persiapan Permukaan :</p><p>Permukaan yang akan diaci harus bersih dari debu, minyak, oil,</p><p>sisa-sisa cat atau kotoran lain yang dapat mengurangi rekatnya</p><p>lapisan GM-670. Permukaan yang tidak rata, berlobang atau</p><p>mengalami kerusakan harus diperbaiki terlebih dahulu sebelum</p><p>dilakukan aplikasi GM-670.</p><p>Mixing :</p><p>Tuangkan sebanyak 8 - 8,5 liter air ke dalam bak mixer. Tuangkan</p><p>25 kgs GM-670 sedikit demi sedikit sambil diaduk dengan</p><p>menggunakan drill mixer yang dilengkapi dengan pengaduk</p><p>berbentuk spiral yang sesuai sampai didapatkan adukan yang</p><p>homogen dan bebas dari gumpalan (kira-kira 3-5 menit).</p><p>Aplikasi :</p><p>Aplikasikan adukan GM-670 pada permukaan dengan</p><p>menggunakan trowel, berikan tekanan secukupnya untuk</p><p>memastikan kontak yang sempurna terhadap permukaan</p><p>(substrate). Lakukan aplikasi 2 lapis untuk mendapatkan hasil</p><p>maksimal. Setelah itu permukaan dilakukan \'finishing\' dengan</p><p>menggunakan trowel, rubber float atau alat finishing lain yang</p><p>sesuai.</p>\";s:11:\"data_teknik\";s:683:\"<table>\r\n	<tbody><tr>\r\n		<td>Bentuk</td>\r\n		<td>Powder</td>\r\n	</tr>\r\n	<tr>\r\n		<td>Warna</td>\r\n		<td>Putih cerah</td>\r\n	</tr>\r\n	<tr>\r\n		<td>Density</td>\r\n		<td>Kering : 1,40 kg/liter Basah : 1,85 kg/liter</td>\r\n	</tr>\r\n	<tr>\r\n		<td>Kebutuhan air</td>\r\n		<td>8,0 8,5 liter / sak 25 kg</td>\r\n	</tr>\r\n	<tr>\r\n		<td>Compressive strength</td>\r\n		<td>BS 4550 : &gt; 8 N/mm @ 28 hari</td>\r\n	</tr>\r\n	<tr>\r\n		<td>Water retention</td>\r\n		<td>BS 4551 : 1998 : &gt; 95 %</td>\r\n	</tr>\r\n	<tr>\r\n		<td>Shrinkage</td>\r\n		<td>ASTM C531 : 2000 : &lt; 0.1 % @ 28 hari</td>\r\n	</tr>\r\n	<tr>\r\n		<td>Tensile Pull of Strength BS 4551</td>\r\n		<td>1998 : &gt; 0.5 N/mm2 @ 28 hari</td>\r\n	</tr>\r\n	\r\n</tbody></table>\";s:10:\"daya_sebar\";s:34:\"<p>± 8.5 m / sak 25 kg / 2 mm</p>\";s:7:\"kemasan\";s:40:\"<p>Kantong kertas (sak) berisi 25 kg</p>\";s:15:\"masa_kadaluarsa\";s:89:\"<p>12 bulan bila disimpan dalam kantong tertutup dalam ruangan\r\nyang selalu kering.  </p>\";s:11:\"penyimpanan\";s:71:\"<p>Simpan di dalam ruangan & jaga agar selalu dalam keadaan\r\nkering</p>\";}', 'category=Aplikasi Dinding, category=1,', NULL, NULL, 4),
(10, 0, 0, '8c1e7-9.png', 'MGM89677', 0.00, 0.00, 0, 0, 40000, 0, 0, 0, 1, '2021-03-02 20:48:56', '2021-03-02 20:48:56', '2021-03-09 06:46:57', 'a:9:{s:20:\"standar_acuan_produk\";s:46:\"<ul><li>DIN 18550 </li><li>DIN 18555</li></ul>\";s:15:\"dasar_permukaan\";s:281:\"<ul><li>Permukaan dinding & lantai pasangan keramik, marmer\r\natau granit </li><li>Permukaan pasangan bata merah & bata ringan</li><li>Permukaan dinding plesteran</li><li>Permukaan dinding acian\r\nPermukaan dinding & lantai beton </li><li>Permukaan lantai rabat atau screed</li></ul>\";s:10:\"keunggulan\";s:358:\"<ul><li>Mengganti keramik lama dinding atau lantai tanpa\r\nmembongkarnya </li><li>Menghemat upah kerja </li><li>Lengket & plastis saat diaplikasi </li><li>Adukan tidak cepat mengering saat diaplikasi </li><li>Tahan terhadap susut - muai </li><li>Mencegah lepas & terangkatnya pasangan keramik </li><li>Kuat menahan beban tekan pada permukaan keramik</li></ul>\";s:14:\"cara_pemakaian\";s:1051:\"<p>- Alat Kerja : Roskam bergigi </p><p>- Persiapan : </p><ul><li>Siapkan tempat kerja & permukaan dimana akan dipasang\r\nkeramik. </li><li>Sebaiknya keramik dipasang pada dasar yang\r\ntelah stabil. </li><li>Gunakan terlebih dulu campuran GM-880PRO (Larutan\r\nKedap Air), bila membutuhkan lantai atau dinding yang\r\nlebih kedap air </li><li>Pasang petunjuk-petunjuk yang cukup untuk kekerataan,\r\nkelurusan & kemudahan pemasangan </li><li>Bersihkan dasar permukaan tersebut dari serpihan,\r\nkotoran & minyak, kemudian basahi dengan air. </li><li>Keramik yang hendak dipasang sebaiknya juga di basahi\r\nterlebih dulu dengan air </li></ul><p>- Pengadukan : </p><ul><li>Masukan adukan kering GM-880PRO kedalam bak adukan </li><li>Tuang air sebanyak 6,5 7,0 liter untuk tiap kantong GM-880PRO (25 kg) </li><li>Aduk campuran di atas hingga rata.</li></ul><p>- Aplikasi : </p><ul><li>Pemasangan keramik dinding atau lantai dilakukan secara\r\nmanual dengan roskam bergigi sebagaimana umumnya. </li><li>Tebal adukan perekat yang di anjurkan adalah 3 - 5 mm.</li></ul>\";s:11:\"data_teknik\";s:1007:\"<table>\r\n	<tbody><tr>\r\n		<td>Warna</td>\r\n		<td>Abu-abu</td>\r\n	</tr>\r\n	<tr>\r\n		<td>Perekat</td>\r\n		<td>Semen Portland</td>\r\n	</tr>\r\n	<tr>\r\n		<td>Agregat</td>\r\n		<td>Pasir silika dengan besar butir maksimum 0,6 mm</td>\r\n	</tr>\r\n	<tr>\r\n		<td>Bahan pengisi (filler)</td>\r\n		<td>Guna meningkatkan kepadatan serta mengurangi porositas bahan adukan.</td>\r\n	</tr>\r\n	<tr>\r\n		<td>Bahan tambah (additive)</td>\r\n		<td>Bahan larut air guna meningkatkan kelecakan (konsistensi), daya rekat & kekuatan</td>\r\n	</tr>\r\n	<tr>\r\n		<td>Kepadatan</td>\r\n		<td>Kering = 1,65 kg/liter Basah = 1,80 kg/liter</td>\r\n	</tr>\r\n	<tr>\r\n		<td>Tebal aplikasi</td>\r\n		<td>3 - 5 mm, tergantung kerataan dasar permuk jenis bahan pasangan & ukurannya.</td>\r\n	</tr>\r\n	<tr>\r\n		<td>Kebutuhan air</td>\r\n		<td>6.5 7 liter / sak 40 kg</td>\r\n	</tr>\r\n	<tr>\r\n		<td>Open time</td>\r\n		<td>± 20 menit, tergantung keadaan cuaca</td>\r\n	</tr>\r\n	<tr>\r\n		<td>Tensile adhesion bond Strength</td>\r\n		<td>BS EN 1348 : &gt; 0.8 N/mm2</td>\r\n	</tr>\r\n	\r\n</tbody></table>\";s:10:\"daya_sebar\";s:33:\"<p>± 5 m / sak 25 kg / 3 mm </p>\";s:7:\"kemasan\";s:40:\"<p>Kantong kertas (sak) berisi 40 kg</p>\";s:15:\"masa_kadaluarsa\";s:87:\"<p>12 bulan bila disimpan dalam kantong tertutup dalam ruangan\r\nyang selalu kering.</p>\";s:11:\"penyimpanan\";s:105:\"<p>Simpan di dalam ruangan & jaga agar selalu dalam keadaan\r\nkering. Hindari tumpukan yang berlebihan</p>\";}', 'category=Aplikasi Lantai, category=2,', NULL, NULL, 6),
(11, 0, 0, '5da1e-5.png', 'MGM55189', 0.00, 0.00, 0, 0, 25000, 0, 0, 0, 1, '2021-03-02 20:52:53', '2021-03-02 20:52:53', '2021-03-09 06:46:26', 'a:9:{s:20:\"standar_acuan_produk\";s:46:\"<ul><li>DIN 18550 </li><li>DIN 18555</li></ul>\";s:15:\"dasar_permukaan\";s:0:\"\";s:10:\"keunggulan\";s:282:\"<ul><li>\'Premixed\' menjamin kualitas produk.</li><li>\r\nMudah dan cepat diaplikasikan </li><li>Permukaan plaster halus, siap untuk dicat.</li><li>Mempunyai daya rekat yang baik terhadap beton tanpa\r\nbonding agent. </li><li>Aplikasi tipis, mengurangi berat /tebal plasteran.</li></ul>\";s:14:\"cara_pemakaian\";s:1036:\"<p><strong></strong>Persiapan Permukaan : </p><p>Permukaan yang akan plester harus bersih dari debu, minyak, oil\r\natau kotoran lain yang dapat mengurangi rekatnya lapisan GM-690PRO. Apabila sangat kering, permukaan sebaiknya dibasahi dahulu\r\ndengan air. </p><p>Mixing : </p><p>Tuangkan sebanyak 5 - 5.5 liter air ke dalam bak adukan mixer.\r\nTuangkan 25 kgs GM-690PRO sedikit demi sedikit sambil diaduk\r\ndengan menggunakan drill mixer yang dilengkapi dengan\r\npengaduk berbentuk spiral yang sesuai sampai didapatkan\r\nadukan yang homogen dan bebas dari gumpalan (waktu mixing\r\nkira-kira 3-5 menit). </p><p>Aplikasi : </p><p>Aplikasikan adukan GM-690PRO pada permukaan dengan\r\nmenggunakan trowel, berikan tekanan secukupnya untuk\r\nmemastikan kontak yang sempurna terhadap permukaan\r\n(substrate). Lakukan aplikasi 2 lapis untuk mendapatkan hasil\r\nmaksimal. Setelah itu permukaan kira-kira 70 - 80 % kering\r\nlakukan \'finishing\' dengan menggunakan trowel halus dan merata\r\nuntuk mendapatkan permukaan yang halus. Tebal aplikasi 3 - 8\r\nmm. </p>\";s:11:\"data_teknik\";s:585:\"<table>\r\n	<tbody><tr>\r\n		<td>Bentuk</td>\r\n		<td>Powder</td>\r\n	</tr>\r\n	<tr>\r\n		<td>Warna</td>\r\n		<td>Abu-abu</td>\r\n	</tr>\r\n	<tr>\r\n		<td>Density</td>\r\n		<td>Kering = 1, 70 kg/liter Basah = 1, 85 kg/liiter</td>\r\n	</tr>\r\n	<tr>\r\n		<td>Kebutuhan air</td>\r\n		<td>5,0 5,5 liter / sak 25 kg</td>\r\n	</tr>\r\n	<tr>\r\n		<td>Pot life</td>\r\n		<td>± 60 menit dari mixing , tergantung keadaan cuaca</td>\r\n	</tr>\r\n	<tr>\r\n		<td>Compressive strength</td>\r\n		<td>ASTM C109 &gt; 10 N/mm @ 28 hari</td>\r\n	</tr>\r\n	<tr>\r\n		<td>Water retention</td>\r\n		<td>BS 4551:1980 &gt; 95 %</td>\r\n	</tr>\r\n	\r\n</tbody></table>\";s:10:\"daya_sebar\";s:73:\"<p> ± 3.0 m / sak 25 kg / 5 mm tergantung kerataan dasar\r\npermukaan.</p>\";s:7:\"kemasan\";s:51:\"<p>Kantong kertas (sak) berisi 25 kg dan 40 kg.</p>\";s:15:\"masa_kadaluarsa\";s:88:\"<p>12 bulan bila disimpan dalam kantong tertutup dalam ruangan\r\nyang selalu kering. </p>\";s:11:\"penyimpanan\";s:109:\"<p>Simpan di dalam ruangan & jaga agar selama da dalam keadaan\r\nkering. Hindari tumpukan yang berlebihan.</p>\";}', 'category=Aplikasi Waterprofing, category=4,', NULL, NULL, 7);

-- --------------------------------------------------------

--
-- Table structure for table `prd_product_attributes`
--

CREATE TABLE `prd_product_attributes` (
  `id` int(11) NOT NULL,
  `id_str` int(11) NOT NULL,
  `product_id` int(11) NOT NULL,
  `attribute` varchar(200) NOT NULL,
  `stock` int(11) NOT NULL,
  `price` decimal(11,2) NOT NULL
) ENGINE=MyISAM DEFAULT CHARSET=latin1;

-- --------------------------------------------------------

--
-- Table structure for table `prd_product_color`
--

CREATE TABLE `prd_product_color` (
  `id` int(11) NOT NULL,
  `product_id` int(11) NOT NULL,
  `image` varchar(200) NOT NULL,
  `image_color` varchar(200) NOT NULL,
  `label` varchar(200) NOT NULL
) ENGINE=MyISAM DEFAULT CHARSET=latin1;

-- --------------------------------------------------------

--
-- Table structure for table `prd_product_description`
--

CREATE TABLE `prd_product_description` (
  `id` int(11) NOT NULL,
  `product_id` int(11) NOT NULL,
  `language_id` int(11) NOT NULL,
  `name` varchar(200) NOT NULL,
  `subtitle` varchar(200) NOT NULL,
  `desc` text NOT NULL,
  `meta_title` varchar(200) NOT NULL,
  `meta_desc` text NOT NULL,
  `meta_key` text NOT NULL,
  `note` text NOT NULL
) ENGINE=MyISAM DEFAULT CHARSET=latin1;

--
-- Dumping data for table `prd_product_description`
--

INSERT INTO `prd_product_description` (`id`, `product_id`, `language_id`, `name`, `subtitle`, `desc`, `meta_title`, `meta_desc`, `meta_key`, `note`) VALUES
(64, 4, 2, 'GM 780 Perekat Bata Ringan', '', '<p>Adukan semen instan sebagai perekat untuk pekerjaan\r\npemasangan bata ringan atau beton ringan (ALC)</p>', '', '', '', ''),
(63, 6, 2, 'GM-701 Plester', '', '<p>Adukan semen instan untuk pekerjaan pemasangan bata\r\nmerah, bata ringan (ALC) & plesteran</p>', '', '', '', ''),
(57, 7, 2, 'GM-600PRO Acian Plester dan Beton', '', '<p>Adukan semen instan untuk pekerjaan acian pada\r\npermukaan plesteran & beton</p>', '', '', '', ''),
(58, 8, 2, 'GM-800 Perekat Keramik Dinding', '', '<p>Adukan semen instan sebagai perekat untuk pekerjaan\r\npemasangan keramik, marmer, granit atau batu alam\r\nlainnya pada dinding.</p>', '', '', '', ''),
(59, 9, 2, 'GM-670 Acian Putih', '', '<p>GM-670 adalah bahan acian (?nish coat) instant yang\r\ndiformulasikan dari semen putih, aggregate halus,\r\ndiperkaya dengan polymer dan aditif khusus guna\r\nmeningkatkan workability, daya rekat dan mencegah\r\nkeretakan pada permukaaan dinding. </p>', '', '', '', ''),
(62, 10, 2, 'GM-880PRO Perekat Keramik diatas Keramik', '', '<p>Adukan semen instan sebagai perekat untuk pekerjaan\r\npemasangan keramik di atas keramik yang telah\r\nterpasang (tile ?x on existing tile) pada dinding & lantai</p>', '', '', '', ''),
(61, 11, 2, 'GM-690PRO Finish Plaster', '', '<p>GM-690PRO adalah bahan finish plaster berkualitas yang\r\ndiformulasikan khusus dari Portland semen silica sand\r\npilihan, lime, polymer dan bahan aditif khusus yang\r\nberfungsi untuk meningkatkan \'workability, kuat rekat\r\ndan resistensi air. GM-690PRO tahan terhadap air dan dapat\r\ndigunakan untuk dinding ALC block atau dinding panel\r\nbeton baik interior atau exterior.</p><p>Berat : 25kg & 40kg</p>', '', '', '', '');

-- --------------------------------------------------------

--
-- Table structure for table `prd_product_image`
--

CREATE TABLE `prd_product_image` (
  `id` int(11) NOT NULL,
  `product_id` int(11) NOT NULL,
  `image` varchar(200) NOT NULL
) ENGINE=MyISAM DEFAULT CHARSET=latin1;

-- --------------------------------------------------------

--
-- Table structure for table `sertifikasi`
--

CREATE TABLE `sertifikasi` (
  `id` int(11) NOT NULL,
  `name` varchar(225) NOT NULL,
  `description` text NOT NULL,
  `images_icon` varchar(225) NOT NULL,
  `images_big` varchar(225) NOT NULL
) ENGINE=InnoDB DEFAULT CHARSET=latin1;

--
-- Dumping data for table `sertifikasi`
--

INSERT INTO `sertifikasi` (`id`, `name`, `description`, `images_icon`, `images_big`) VALUES
(2, 'Agen tunggal resmi di Indonesia', '', 'edf8c-XADO-certificate-thumbc0cdba.jpg', 'edf8c-XADO-certificate-10bef2.jpg'),
(3, 'Technischer Uberwachungs-Verein', 'The certificate states the efficiency and certifies the XADO gel-revitalizant for gasoline engines effect', '63a71-XADO-certificate-thumb6f863e.jpg', '1af50-XADO-certificate-d20515.jpg'),
(4, 'Kristen Petra University Surabaya Certificate', 'XADO Gel For Diesel Engine', '97272-XADO-certificate-thumb0c1964.jpg', '4c78b-XADO-certificate-efb9bb.jpg'),
(6, 'API certificate', 'API - American Petroleum Institute', 'b1712-XADO-certificate-thumbf05da4.jpg', 'b1712-XADO-certificate-0444a4.jpg'),
(7, 'MAN Certificate', 'Approval For Engine Oil XADO 80W-90 GL-3/4/5', 'f28aa-XADO-certificate-thumbbb60d6.gif', 'f28aa-XADO-certificate-a0d9dd.jpg'),
(8, 'MAN Certificate', 'Approval For Engine Oil XADO 10W-40 Diesel Truck', 'a23f8-XADO-certificate-thumbbb60d6.gif', 'a23f8-XADO-certificate-fecbed.jpg'),
(9, 'VOLVO Certificate', 'Approval For Engine Oil XADO 15W-40 SL/CI-4 & XADO 10W-40 SL/CI-4', '2942f-XADO-certificate-thumbd89b2a.jpg', '2942f-XADO-certificate-db514b.jpg'),
(10, 'VOLVO Certificate', 'Approval For Engine Oil XADO 15W-40 CI-4 Diesel', '931e7-XADO-certificate-thumbd89b2a.jpg', '931e7-XADO-certificate-e931a6.jpg'),
(11, 'VOLVO Certificate', 'Approval For Engine Oil XADO Atomic Oil 15W-40 SM/CJ-4', 'b80dc-XADO-certificate-thumbd89b2a.jpg', 'b80dc-XADO-certificate-120754.jpg'),
(12, 'Daimler-Benz Certificate', 'Approval For Engine Oil XADO 5W-40 SM/CF', 'ab745-XADO-certificate-thumba2f7af.jpg', 'ab745-XADO-certificate-f97b75.jpg'),
(13, 'General Motor Certificate', 'Approval For Engine Oil XADO 5W-40 City Line SL/CF', 'fdfc0-XADO-certificate-thumb109fe4.jpg', 'fdfc0-XADO-certificate-a26364.jpg'),
(14, 'BMW certificate', 'Approval for Engine Oil \"XADO 5W-40 SM/CF\"', '90b56-XADO-certificate-thumbc23299.jpg', '90b56-XADO-certificate-1a4bd9.jpg'),
(15, 'VolksWagen Certificate', 'Approval For Engine Oil XADO SL/CF SAE 5W-40', 'cfe0e-XADO-certificate-thumbc44858.jpg', 'cfe0e-XADO-certificate-09c146.jpg');

-- --------------------------------------------------------

--
-- Table structure for table `setting`
--

CREATE TABLE `setting` (
  `id` int(11) NOT NULL,
  `name` varchar(256) NOT NULL,
  `label` varchar(200) NOT NULL,
  `value` text NOT NULL,
  `type` varchar(100) NOT NULL,
  `hide` int(11) NOT NULL,
  `group` varchar(100) NOT NULL,
  `dual_language` enum('n','y') NOT NULL,
  `sort` int(11) NOT NULL
) ENGINE=InnoDB DEFAULT CHARSET=latin1;

--
-- Dumping data for table `setting`
--

INSERT INTO `setting` (`id`, `name`, `label`, `value`, `type`, `hide`, `group`, `dual_language`, `sort`) VALUES
(1, 'default_meta_title', 'Title', '', 'text', 0, 'default_meta', 'y', 1),
(2, 'default_meta_keywords', 'Keywords', '', 'textarea', 0, 'default_meta', 'y', 2),
(3, 'default_meta_description', 'Description', '', 'textarea', 0, 'default_meta', 'y', 3),
(4, 'google_tools_webmaster', 'Google Webmaster Code', '', 'textarea', 0, 'google_tools', 'n', 4),
(5, 'google_tools_analytic', 'Google Analytic Code', '', 'textarea', 0, 'google_tools', 'n', 5),
(6, 'purechat_status', 'Show Hide Widget', '', 'select', 0, 'purechat', 'n', 1),
(7, 'purechat_code', 'PureChat Code', '', 'textarea', 0, 'purechat', 'n', 1),
(8, 'invoice_start_number', 'Invoice Start Number', '1000', 'text', 0, 'invoice', 'n', 0),
(9, 'invoice_increment', 'Invoice Increment', '5', 'text', 0, 'invoice', 'n', 0),
(10, 'invoice_auto_cancel_after', 'Invoice Auto Cancel After', '72', 'text', 0, 'invoice', 'n', 0),
(11, 'lang_deff', 'Language Default', 'en', 'text', 0, 'data', 'n', 0),
(12, 'email', 'Email Form', 'info@sumbertehnikjaya.com', 'text', 0, 'data', 'n', 1),
(13, 'tax', 'Tax', '11', 'text', 0, 'data', 'n', 1),
(14, 'contact_hero_title', 'Title', '', 'text', 0, 'data', 'y', 0),
(15, 'contact_hero_subtitle', 'Sub Title', '', 'text', 0, 'data', 'y', 0),
(16, 'contact_content', 'Content', '', 'text', 0, 'data', 'y', 0),
(17, 'contact_phone', 'Phone', '', 'text', 0, 'data', 'n', 0),
(18, 'contact_email', 'Email Website', '', 'text', 0, 'data', 'n', 0),
(19, 'url_facebook', 'URL Facebook', '', 'text', 0, 'data', 'n', 0),
(20, 'url_instagram', 'URL Instagram', '', 'text', 0, 'data', 'n', 0);

-- --------------------------------------------------------

--
-- Table structure for table `setting_description`
--

CREATE TABLE `setting_description` (
  `id` int(11) NOT NULL,
  `setting_id` int(11) NOT NULL,
  `language_id` int(11) NOT NULL,
  `value` text NOT NULL
) ENGINE=InnoDB DEFAULT CHARSET=latin1;

--
-- Dumping data for table `setting_description`
--

INSERT INTO `setting_description` (`id`, `setting_id`, `language_id`, `value`) VALUES
(1, 1, 2, 'Gudang Mortar'),
(2, 2, 2, 'Gudang Mortar'),
(3, 3, 2, 'Gudang Mortar'),
(10, 1, 1, 'Gudang Mortar'),
(11, 3, 1, 'Gudang Mortar'),
(12, 2, 1, 'Gudang Mortar');

-- --------------------------------------------------------

--
-- Table structure for table `shp_shipping_price`
--

CREATE TABLE `shp_shipping_price` (
  `id` int(11) NOT NULL,
  `type` int(11) NOT NULL,
  `weight` int(11) NOT NULL,
  `price` decimal(10,4) NOT NULL
) ENGINE=MyISAM DEFAULT CHARSET=latin1;

--
-- Dumping data for table `shp_shipping_price`
--

INSERT INTO `shp_shipping_price` (`id`, `type`, `weight`, `price`) VALUES
(1, 1, 1, 20.0000),
(2, 1, 2, 20.0000),
(3, 1, 0, 20.0000),
(4, 1, 3, 20.0000),
(5, 1, 4, 20.0000),
(6, 1, 5, 20.0000),
(7, 1, 6, 20.0000),
(8, 1, 7, 20.0000),
(9, 1, 8, 20.0000),
(10, 1, 9, 20.0000),
(11, 1, 10, 20.0000),
(12, 1, 11, 20.0000),
(13, 1, 12, 20.0000),
(14, 1, 13, 20.0000),
(15, 1, 14, 20.0000),
(16, 1, 15, 20.0000),
(17, 1, 16, 20.0000),
(18, 1, 17, 20.0000),
(19, 1, 18, 20.0000),
(20, 1, 19, 20.0000),
(21, 1, 20, 40.0000),
(22, 1, 21, 40.0000),
(23, 1, 22, 40.0000),
(24, 1, 23, 40.0000),
(25, 1, 24, 40.0000),
(26, 1, 25, 40.0000),
(27, 1, 26, 40.0000),
(28, 1, 27, 40.0000),
(29, 1, 28, 40.0000),
(30, 1, 29, 40.0000),
(31, 1, 30, 40.0000),
(32, 1, 31, 40.0000),
(33, 1, 32, 40.0000),
(34, 1, 33, 40.0000),
(35, 1, 34, 40.0000),
(36, 1, 35, 40.0000),
(37, 1, 36, 40.0000),
(38, 1, 37, 40.0000),
(39, 1, 38, 40.0000),
(40, 1, 39, 40.0000),
(41, 1, 40, 60.0000),
(42, 1, 41, 60.0000),
(43, 1, 42, 60.0000),
(44, 1, 43, 60.0000),
(45, 1, 44, 60.0000),
(46, 1, 45, 60.0000),
(47, 1, 46, 60.0000),
(48, 1, 47, 60.0000),
(49, 1, 48, 60.0000),
(50, 1, 49, 60.0000),
(51, 1, 50, 60.0000),
(52, 1, 51, 60.0000),
(53, 1, 52, 60.0000),
(54, 1, 53, 60.0000),
(55, 1, 54, 60.0000),
(56, 1, 55, 60.0000),
(57, 1, 56, 60.0000),
(58, 1, 57, 60.0000),
(59, 1, 58, 60.0000),
(60, 1, 59, 60.0000),
(61, 1, 60, 80.0000),
(62, 1, 61, 80.0000),
(63, 1, 62, 80.0000),
(64, 1, 63, 80.0000),
(65, 1, 64, 80.0000),
(66, 1, 65, 80.0000),
(67, 1, 66, 80.0000),
(68, 1, 67, 80.0000),
(69, 1, 68, 80.0000),
(70, 1, 69, 80.0000),
(71, 1, 70, 80.0000),
(72, 1, 71, 80.0000),
(73, 1, 72, 80.0000),
(74, 1, 73, 80.0000),
(75, 1, 74, 80.0000),
(76, 1, 75, 80.0000),
(77, 1, 76, 80.0000),
(78, 1, 77, 80.0000),
(79, 1, 78, 80.0000),
(80, 1, 79, 80.0000),
(81, 1, 80, 100.0000),
(82, 1, 81, 100.0000),
(83, 1, 82, 100.0000),
(84, 1, 83, 100.0000),
(85, 1, 84, 100.0000),
(86, 1, 85, 100.0000),
(87, 1, 86, 100.0000),
(88, 1, 87, 100.0000),
(89, 1, 88, 100.0000),
(90, 1, 89, 100.0000),
(91, 1, 90, 100.0000),
(92, 1, 91, 100.0000),
(93, 1, 92, 100.0000),
(94, 1, 93, 100.0000),
(95, 1, 94, 100.0000),
(96, 1, 95, 100.0000),
(97, 1, 96, 100.0000),
(98, 1, 97, 100.0000),
(99, 1, 98, 100.0000),
(100, 1, 99, 100.0000),
(101, 2, 0, 12.0000),
(102, 2, 1, 12.0000),
(103, 2, 2, 12.0000),
(104, 2, 3, 12.0000),
(105, 2, 4, 12.0000),
(106, 2, 5, 12.0000),
(107, 2, 6, 12.0000),
(108, 2, 7, 12.0000),
(109, 2, 8, 12.0000),
(110, 2, 9, 12.0000),
(111, 2, 10, 12.0000),
(112, 2, 11, 12.0000),
(113, 2, 12, 12.0000),
(114, 2, 13, 12.0000),
(115, 2, 14, 12.0000),
(116, 2, 15, 12.0000),
(117, 2, 16, 12.0000),
(118, 2, 17, 12.0000),
(119, 2, 18, 12.0000),
(120, 2, 19, 12.0000),
(121, 2, 20, 24.0000),
(122, 2, 21, 24.0000),
(123, 2, 22, 24.0000),
(124, 2, 23, 24.0000),
(125, 2, 24, 24.0000),
(126, 2, 25, 24.0000),
(127, 2, 26, 24.0000),
(128, 2, 27, 24.0000),
(129, 2, 28, 24.0000),
(130, 2, 29, 24.0000),
(131, 2, 30, 24.0000),
(132, 2, 31, 24.0000),
(133, 2, 32, 24.0000),
(134, 2, 33, 24.0000),
(135, 2, 34, 24.0000),
(136, 2, 35, 24.0000),
(137, 2, 36, 24.0000),
(138, 2, 37, 24.0000),
(139, 2, 38, 24.0000),
(140, 2, 39, 24.0000),
(141, 2, 40, 48.0000),
(142, 2, 41, 48.0000),
(143, 2, 42, 48.0000),
(144, 2, 43, 48.0000),
(145, 2, 44, 48.0000),
(146, 2, 45, 48.0000),
(147, 2, 46, 48.0000),
(148, 2, 47, 48.0000),
(149, 2, 48, 48.0000),
(150, 2, 49, 48.0000),
(151, 2, 50, 48.0000),
(152, 2, 51, 48.0000),
(153, 2, 52, 48.0000),
(154, 2, 53, 48.0000),
(155, 2, 54, 48.0000),
(156, 2, 55, 48.0000),
(157, 2, 56, 48.0000),
(158, 2, 57, 48.0000),
(159, 2, 58, 48.0000),
(160, 2, 59, 48.0000),
(161, 2, 60, 60.0000),
(162, 2, 61, 60.0000),
(163, 2, 62, 60.0000),
(164, 2, 63, 60.0000),
(165, 2, 64, 60.0000),
(166, 2, 65, 60.0000),
(167, 2, 66, 60.0000),
(168, 2, 67, 60.0000),
(169, 2, 68, 60.0000),
(170, 2, 69, 60.0000),
(171, 2, 70, 60.0000),
(172, 2, 71, 60.0000),
(173, 2, 72, 60.0000),
(174, 2, 73, 60.0000),
(175, 2, 74, 60.0000),
(176, 2, 75, 60.0000),
(177, 2, 76, 60.0000),
(178, 2, 77, 60.0000),
(179, 2, 78, 60.0000),
(180, 2, 79, 60.0000),
(181, 2, 80, 72.0000),
(182, 2, 81, 72.0000),
(183, 2, 82, 72.0000),
(184, 2, 83, 72.0000),
(185, 2, 84, 72.0000),
(186, 2, 85, 72.0000),
(187, 2, 86, 72.0000),
(188, 2, 87, 72.0000),
(189, 2, 88, 72.0000),
(190, 2, 89, 72.0000),
(191, 2, 90, 72.0000),
(192, 2, 91, 72.0000),
(193, 2, 92, 72.0000),
(194, 2, 93, 72.0000),
(195, 2, 94, 72.0000),
(196, 2, 95, 72.0000),
(197, 2, 96, 72.0000),
(198, 2, 97, 72.0000),
(199, 2, 98, 72.0000),
(200, 2, 99, 72.0000),
(201, 3, 0, 25.0000),
(202, 3, 1, 25.0000),
(203, 3, 2, 25.0000),
(204, 3, 3, 25.0000),
(205, 3, 4, 25.0000),
(206, 3, 5, 25.0000),
(207, 3, 6, 25.0000),
(208, 3, 7, 25.0000),
(209, 3, 8, 25.0000),
(210, 3, 9, 25.0000),
(211, 3, 10, 25.0000),
(212, 3, 11, 25.0000),
(213, 3, 12, 25.0000),
(214, 3, 13, 25.0000),
(215, 3, 14, 25.0000),
(216, 3, 15, 25.0000),
(217, 3, 16, 25.0000),
(218, 3, 17, 25.0000),
(219, 3, 18, 25.0000),
(220, 3, 19, 25.0000),
(221, 3, 20, 50.0000),
(222, 3, 21, 50.0000),
(223, 3, 22, 50.0000),
(224, 3, 23, 50.0000),
(225, 3, 24, 50.0000),
(226, 3, 25, 50.0000),
(227, 3, 26, 50.0000),
(228, 3, 27, 50.0000),
(229, 3, 28, 50.0000),
(230, 3, 29, 50.0000),
(231, 3, 30, 50.0000),
(232, 3, 31, 50.0000),
(233, 3, 32, 50.0000),
(234, 3, 33, 50.0000),
(235, 3, 34, 50.0000),
(236, 3, 35, 50.0000),
(237, 3, 36, 50.0000),
(238, 3, 37, 50.0000),
(239, 3, 38, 50.0000),
(240, 3, 39, 50.0000),
(241, 3, 40, 75.0000),
(242, 3, 41, 75.0000),
(243, 3, 42, 75.0000),
(244, 3, 43, 75.0000),
(245, 3, 44, 75.0000),
(246, 3, 45, 75.0000),
(247, 3, 46, 75.0000),
(248, 3, 47, 75.0000),
(249, 3, 48, 75.0000),
(250, 3, 49, 75.0000),
(251, 3, 50, 75.0000),
(252, 3, 51, 75.0000),
(253, 3, 52, 75.0000),
(254, 3, 53, 75.0000),
(255, 3, 54, 75.0000),
(256, 3, 55, 75.0000),
(257, 3, 56, 75.0000),
(258, 3, 57, 75.0000),
(259, 3, 58, 75.0000),
(260, 3, 59, 75.0000),
(261, 3, 60, 100.0000),
(262, 3, 61, 100.0000),
(263, 3, 62, 100.0000),
(264, 3, 63, 100.0000),
(265, 3, 64, 100.0000),
(266, 3, 65, 100.0000),
(267, 3, 66, 100.0000),
(268, 3, 67, 100.0000),
(269, 3, 68, 100.0000),
(270, 3, 69, 100.0000),
(271, 3, 70, 100.0000),
(272, 3, 71, 100.0000),
(273, 3, 72, 100.0000),
(274, 3, 73, 100.0000),
(275, 3, 74, 100.0000),
(276, 3, 75, 100.0000),
(277, 3, 76, 100.0000),
(278, 3, 77, 100.0000),
(279, 3, 78, 100.0000),
(280, 3, 79, 100.0000),
(281, 3, 80, 125.0000),
(282, 3, 81, 125.0000),
(283, 3, 82, 125.0000),
(284, 3, 83, 125.0000),
(285, 3, 84, 125.0000),
(286, 3, 85, 125.0000),
(287, 3, 86, 125.0000),
(288, 3, 87, 125.0000),
(289, 3, 88, 125.0000),
(290, 3, 89, 125.0000),
(291, 3, 90, 125.0000),
(292, 3, 91, 125.0000),
(293, 3, 92, 125.0000),
(294, 3, 93, 125.0000),
(295, 3, 94, 125.0000),
(296, 3, 95, 125.0000),
(297, 3, 96, 125.0000),
(298, 3, 97, 125.0000),
(299, 3, 98, 125.0000),
(300, 3, 99, 125.0000),
(301, 4, 1, 29.0000),
(302, 4, 2, 29.0000),
(303, 4, 0, 29.0000),
(304, 4, 3, 29.0000),
(305, 4, 4, 29.0000),
(306, 4, 5, 29.0000),
(307, 4, 6, 29.0000),
(308, 4, 7, 29.0000),
(309, 4, 8, 29.0000),
(310, 4, 9, 29.0000),
(311, 4, 10, 29.0000),
(312, 4, 11, 29.0000),
(313, 4, 12, 29.0000),
(314, 4, 13, 29.0000),
(315, 4, 14, 29.0000),
(316, 4, 15, 29.0000),
(317, 4, 16, 29.0000),
(318, 4, 17, 29.0000),
(319, 4, 18, 29.0000),
(320, 4, 19, 29.0000),
(321, 4, 20, 58.0000),
(322, 4, 21, 58.0000),
(323, 4, 22, 58.0000),
(324, 4, 23, 58.0000),
(325, 4, 24, 58.0000),
(326, 4, 25, 58.0000),
(327, 4, 26, 58.0000),
(328, 4, 27, 58.0000),
(329, 4, 28, 58.0000),
(330, 4, 29, 58.0000),
(331, 4, 30, 58.0000),
(332, 4, 31, 58.0000),
(333, 4, 32, 58.0000),
(334, 4, 33, 58.0000),
(335, 4, 34, 58.0000),
(336, 4, 35, 58.0000),
(337, 4, 36, 58.0000),
(338, 4, 37, 58.0000),
(339, 4, 38, 58.0000),
(340, 4, 39, 58.0000),
(341, 4, 40, 87.0000),
(342, 4, 41, 87.0000),
(343, 4, 42, 87.0000),
(344, 4, 43, 87.0000),
(345, 4, 44, 87.0000),
(346, 4, 45, 87.0000),
(347, 4, 46, 87.0000),
(348, 4, 47, 87.0000),
(349, 4, 48, 87.0000),
(350, 4, 49, 87.0000),
(351, 4, 50, 87.0000),
(352, 4, 51, 87.0000),
(353, 4, 52, 87.0000),
(354, 4, 53, 87.0000),
(355, 4, 54, 87.0000),
(356, 4, 55, 87.0000),
(357, 4, 56, 87.0000),
(358, 4, 57, 87.0000),
(359, 4, 58, 87.0000),
(360, 4, 59, 87.0000),
(361, 4, 60, 116.0000),
(362, 4, 61, 116.0000),
(363, 4, 62, 116.0000),
(364, 4, 63, 116.0000),
(365, 4, 64, 116.0000),
(366, 4, 65, 116.0000),
(367, 4, 66, 116.0000),
(368, 4, 67, 116.0000),
(369, 4, 68, 116.0000),
(370, 4, 69, 116.0000),
(371, 4, 70, 116.0000),
(372, 4, 71, 116.0000),
(373, 4, 72, 116.0000),
(374, 4, 73, 116.0000),
(375, 4, 74, 116.0000),
(376, 4, 75, 116.0000),
(377, 4, 76, 116.0000),
(378, 4, 77, 116.0000),
(379, 4, 78, 116.0000),
(380, 4, 79, 116.0000),
(381, 4, 80, 145.0000),
(382, 4, 81, 145.0000),
(383, 4, 82, 145.0000),
(384, 4, 83, 145.0000),
(385, 4, 84, 145.0000),
(386, 4, 85, 145.0000),
(387, 4, 86, 145.0000),
(388, 4, 87, 145.0000),
(389, 4, 88, 145.0000),
(390, 4, 89, 145.0000),
(391, 4, 90, 145.0000),
(392, 4, 91, 145.0000),
(393, 4, 92, 145.0000),
(394, 4, 93, 145.0000),
(395, 4, 94, 145.0000),
(396, 4, 95, 145.0000),
(397, 4, 96, 145.0000),
(398, 4, 97, 145.0000),
(399, 4, 98, 145.0000),
(400, 4, 99, 145.0000),
(401, 5, 0, 21.0000),
(402, 5, 1, 21.0000),
(403, 5, 2, 21.0000),
(404, 5, 3, 21.0000),
(405, 5, 4, 21.0000),
(406, 5, 5, 21.0000),
(407, 5, 6, 21.0000),
(408, 5, 7, 21.0000),
(409, 5, 8, 21.0000),
(410, 5, 9, 21.0000),
(411, 5, 10, 21.0000),
(412, 5, 11, 21.0000),
(413, 5, 12, 21.0000),
(414, 5, 13, 21.0000),
(415, 5, 14, 21.0000),
(416, 5, 15, 21.0000),
(417, 5, 16, 21.0000),
(418, 5, 17, 21.0000),
(419, 5, 18, 21.0000),
(420, 5, 19, 21.0000),
(421, 5, 20, 42.0000),
(422, 5, 21, 42.0000),
(423, 5, 22, 42.0000),
(424, 5, 23, 42.0000),
(425, 5, 24, 42.0000),
(426, 5, 25, 42.0000),
(427, 5, 26, 42.0000),
(428, 5, 27, 42.0000),
(429, 5, 28, 42.0000),
(430, 5, 29, 42.0000),
(431, 5, 30, 42.0000),
(432, 5, 31, 42.0000),
(433, 5, 32, 42.0000),
(434, 5, 33, 42.0000),
(435, 5, 34, 42.0000),
(436, 5, 35, 42.0000),
(437, 5, 36, 42.0000),
(438, 5, 37, 42.0000),
(439, 5, 38, 42.0000),
(440, 5, 39, 42.0000),
(441, 5, 40, 75.0000),
(442, 5, 41, 75.0000),
(443, 5, 42, 75.0000),
(444, 5, 43, 75.0000),
(445, 5, 44, 75.0000),
(446, 5, 45, 75.0000),
(447, 5, 46, 75.0000),
(448, 5, 47, 75.0000),
(449, 5, 48, 75.0000),
(450, 5, 49, 75.0000),
(451, 5, 50, 75.0000),
(452, 5, 51, 75.0000),
(453, 5, 52, 75.0000),
(454, 5, 53, 75.0000),
(455, 5, 54, 75.0000),
(456, 5, 55, 75.0000),
(457, 5, 56, 75.0000),
(458, 5, 57, 75.0000),
(459, 5, 58, 75.0000),
(460, 5, 59, 75.0000),
(461, 5, 60, 96.0000),
(462, 5, 61, 96.0000),
(463, 5, 62, 96.0000),
(464, 5, 63, 96.0000),
(465, 5, 64, 96.0000),
(466, 5, 65, 96.0000),
(467, 5, 66, 96.0000),
(468, 5, 67, 96.0000),
(469, 5, 68, 96.0000),
(470, 5, 69, 96.0000),
(471, 5, 70, 96.0000),
(472, 5, 71, 96.0000),
(473, 5, 72, 96.0000),
(474, 5, 73, 96.0000),
(475, 5, 74, 96.0000),
(476, 5, 75, 96.0000),
(477, 5, 76, 96.0000),
(478, 5, 77, 96.0000),
(479, 5, 78, 96.0000),
(480, 5, 79, 96.0000),
(481, 5, 80, 117.0000),
(482, 5, 81, 117.0000),
(483, 5, 82, 117.0000),
(484, 5, 83, 117.0000),
(485, 5, 84, 117.0000),
(486, 5, 85, 117.0000),
(487, 5, 86, 117.0000),
(488, 5, 87, 117.0000),
(489, 5, 88, 117.0000),
(490, 5, 89, 117.0000),
(491, 5, 90, 117.0000),
(492, 5, 91, 117.0000),
(493, 5, 92, 117.0000),
(494, 5, 93, 117.0000),
(495, 5, 94, 117.0000),
(496, 5, 95, 117.0000),
(497, 5, 96, 117.0000),
(498, 5, 97, 117.0000),
(499, 5, 98, 117.0000),
(500, 5, 99, 117.0000),
(501, 6, 0, 34.0000),
(502, 6, 1, 34.0000),
(503, 6, 2, 34.0000),
(504, 6, 3, 34.0000),
(505, 6, 4, 34.0000),
(506, 6, 5, 34.0000),
(507, 6, 6, 34.0000),
(508, 6, 7, 34.0000),
(509, 6, 8, 34.0000),
(510, 6, 9, 34.0000),
(511, 6, 10, 34.0000),
(512, 6, 11, 34.0000),
(513, 6, 12, 34.0000),
(514, 6, 13, 34.0000),
(515, 6, 14, 34.0000),
(516, 6, 15, 34.0000),
(517, 6, 16, 34.0000),
(518, 6, 17, 34.0000),
(519, 6, 18, 34.0000),
(520, 6, 19, 34.0000),
(521, 6, 20, 68.0000),
(522, 6, 21, 68.0000),
(523, 6, 22, 68.0000),
(524, 6, 23, 68.0000),
(525, 6, 24, 68.0000),
(526, 6, 25, 68.0000),
(527, 6, 26, 68.0000),
(528, 6, 27, 68.0000),
(529, 6, 28, 68.0000),
(530, 6, 29, 68.0000),
(531, 6, 30, 68.0000),
(532, 6, 31, 68.0000),
(533, 6, 32, 68.0000),
(534, 6, 33, 68.0000),
(535, 6, 34, 68.0000),
(536, 6, 35, 68.0000),
(537, 6, 36, 68.0000),
(538, 6, 37, 68.0000),
(539, 6, 38, 68.0000),
(540, 6, 39, 68.0000),
(541, 6, 40, 102.0000),
(542, 6, 41, 102.0000),
(543, 6, 42, 102.0000),
(544, 6, 43, 102.0000),
(545, 6, 44, 102.0000),
(546, 6, 45, 102.0000),
(547, 6, 46, 102.0000),
(548, 6, 47, 102.0000),
(549, 6, 48, 102.0000),
(550, 6, 49, 102.0000),
(551, 6, 50, 102.0000),
(552, 6, 51, 102.0000),
(553, 6, 52, 102.0000),
(554, 6, 53, 102.0000),
(555, 6, 54, 102.0000),
(556, 6, 55, 102.0000),
(557, 6, 56, 102.0000),
(558, 6, 57, 102.0000),
(559, 6, 58, 102.0000),
(560, 6, 59, 102.0000),
(561, 6, 60, 136.0000),
(562, 6, 61, 136.0000),
(563, 6, 62, 136.0000),
(564, 6, 63, 136.0000),
(565, 6, 64, 136.0000),
(566, 6, 65, 136.0000),
(567, 6, 66, 136.0000),
(568, 6, 67, 136.0000),
(569, 6, 68, 136.0000),
(570, 6, 69, 136.0000),
(571, 6, 70, 136.0000),
(572, 6, 71, 136.0000),
(573, 6, 72, 136.0000),
(574, 6, 73, 136.0000),
(575, 6, 74, 136.0000),
(576, 6, 75, 136.0000),
(577, 6, 76, 136.0000),
(578, 6, 77, 136.0000),
(579, 6, 78, 136.0000),
(580, 6, 79, 136.0000),
(581, 6, 80, 170.0000),
(582, 6, 81, 170.0000),
(583, 6, 82, 170.0000),
(584, 6, 83, 170.0000),
(585, 6, 84, 170.0000),
(586, 6, 85, 170.0000),
(587, 6, 86, 170.0000),
(588, 6, 87, 170.0000),
(589, 6, 88, 170.0000),
(590, 6, 89, 170.0000),
(591, 6, 90, 170.0000),
(592, 6, 91, 170.0000),
(593, 6, 92, 170.0000),
(594, 6, 93, 170.0000),
(595, 6, 94, 170.0000),
(596, 6, 95, 170.0000),
(597, 6, 96, 170.0000),
(598, 6, 97, 170.0000),
(599, 6, 98, 170.0000),
(600, 6, 99, 170.0000),
(601, 7, 1, 0.0000),
(602, 7, 2, 0.0000),
(603, 7, 0, 0.0000),
(604, 7, 3, 0.0000),
(605, 7, 4, 0.0000),
(606, 7, 5, 0.0000),
(607, 7, 6, 0.0000),
(608, 7, 7, 0.0000),
(609, 7, 8, 0.0000),
(610, 7, 9, 0.0000),
(611, 7, 10, 0.0000),
(612, 7, 11, 0.0000),
(613, 7, 12, 0.0000),
(614, 7, 13, 0.0000),
(615, 7, 14, 0.0000),
(616, 7, 15, 0.0000),
(617, 7, 16, 0.0000),
(618, 7, 17, 0.0000),
(619, 7, 18, 0.0000),
(620, 7, 19, 0.0000),
(621, 7, 20, 0.0000),
(622, 7, 21, 0.0000),
(623, 7, 22, 0.0000),
(624, 7, 23, 0.0000),
(625, 7, 24, 0.0000),
(626, 7, 25, 0.0000),
(627, 7, 26, 0.0000),
(628, 7, 27, 0.0000),
(629, 7, 28, 0.0000),
(630, 7, 29, 0.0000),
(631, 7, 30, 0.0000),
(632, 7, 31, 0.0000),
(633, 7, 32, 0.0000),
(634, 7, 33, 0.0000),
(635, 7, 34, 0.0000),
(636, 7, 35, 0.0000),
(637, 7, 36, 0.0000),
(638, 7, 37, 0.0000),
(639, 7, 38, 0.0000),
(640, 7, 39, 0.0000),
(641, 7, 40, 0.0000),
(642, 7, 41, 0.0000),
(643, 7, 42, 0.0000),
(644, 7, 43, 0.0000),
(645, 7, 44, 0.0000),
(646, 7, 45, 0.0000),
(647, 7, 46, 0.0000),
(648, 7, 47, 0.0000),
(649, 7, 48, 0.0000),
(650, 7, 49, 0.0000),
(651, 7, 50, 0.0000),
(652, 7, 51, 0.0000),
(653, 7, 52, 0.0000),
(654, 7, 53, 0.0000),
(655, 7, 54, 0.0000),
(656, 7, 55, 0.0000),
(657, 7, 56, 0.0000),
(658, 7, 57, 0.0000),
(659, 7, 58, 0.0000),
(660, 7, 59, 0.0000),
(661, 7, 60, 0.0000),
(662, 7, 61, 0.0000),
(663, 7, 62, 0.0000),
(664, 7, 63, 0.0000),
(665, 7, 64, 0.0000),
(666, 7, 65, 0.0000),
(667, 7, 66, 0.0000),
(668, 7, 67, 0.0000),
(669, 7, 68, 0.0000),
(670, 7, 69, 0.0000),
(671, 7, 70, 0.0000),
(672, 7, 71, 0.0000),
(673, 7, 72, 0.0000),
(674, 7, 73, 0.0000),
(675, 7, 74, 0.0000),
(676, 7, 75, 0.0000),
(677, 7, 76, 0.0000),
(678, 7, 77, 0.0000),
(679, 7, 78, 0.0000),
(680, 7, 79, 0.0000),
(681, 7, 80, 0.0000),
(682, 7, 81, 0.0000),
(683, 7, 82, 0.0000),
(684, 7, 83, 0.0000),
(685, 7, 84, 0.0000),
(686, 7, 85, 0.0000),
(687, 7, 86, 0.0000),
(688, 7, 87, 0.0000),
(689, 7, 88, 0.0000),
(690, 7, 89, 0.0000),
(691, 7, 90, 0.0000),
(692, 7, 91, 0.0000),
(693, 7, 92, 0.0000),
(694, 7, 93, 0.0000),
(695, 7, 94, 0.0000),
(696, 7, 95, 0.0000),
(697, 7, 96, 0.0000),
(698, 7, 97, 0.0000),
(699, 7, 98, 0.0000),
(700, 7, 99, 0.0000);

-- --------------------------------------------------------

--
-- Table structure for table `sl_slide`
--

CREATE TABLE `sl_slide` (
  `id` int(11) NOT NULL,
  `topik_id` int(11) NOT NULL,
  `image` varchar(255) NOT NULL,
  `active` int(11) NOT NULL,
  `date_input` datetime NOT NULL,
  `date_update` datetime NOT NULL,
  `insert_by` varchar(255) NOT NULL,
  `last_update_by` varchar(255) NOT NULL,
  `writer` varchar(200) NOT NULL,
  `sort` int(11) NOT NULL,
  `image2` varchar(225) DEFAULT NULL
) ENGINE=MyISAM DEFAULT CHARSET=latin1;

-- --------------------------------------------------------

--
-- Table structure for table `sl_slide_description`
--

CREATE TABLE `sl_slide_description` (
  `id` int(11) NOT NULL,
  `slide_id` int(11) NOT NULL,
  `language_id` int(11) NOT NULL,
  `title` varchar(255) NOT NULL,
  `subtitle` varchar(100) NOT NULL,
  `content` text NOT NULL,
  `url_teks` varchar(200) NOT NULL,
  `url` varchar(200) NOT NULL
) ENGINE=MyISAM DEFAULT CHARSET=latin1;

-- --------------------------------------------------------

--
-- Table structure for table `tb_group`
--

CREATE TABLE `tb_group` (
  `id` int(11) NOT NULL,
  `group` varchar(50) NOT NULL,
  `aktif` int(11) NOT NULL,
  `akses` blob NOT NULL
) ENGINE=MyISAM DEFAULT CHARSET=latin1;

--
-- Dumping data for table `tb_group`
--

INSERT INTO `tb_group` (`id`, `group`, `aktif`, `akses`) VALUES
(8, 'Administrator', 1, 0x613a33373a7b693a303b733a31363a2261646d696e2e757365722e696e646578223b693a313b733a31373a2261646d696e2e757365722e637265617465223b693a323b733a31373a2261646d696e2e757365722e757064617465223b693a333b733a31373a2261646d696e2e757365722e64656c657465223b693a343b733a31373a2261646d696e2e736c6964652e696e646578223b693a353b733a31383a2261646d696e2e736c6964652e637265617465223b693a363b733a31383a2261646d696e2e736c6964652e757064617465223b693a373b733a31383a2261646d696e2e736c6964652e64656c657465223b693a383b733a31363a2261646d696e2e62616e6b2e696e646578223b693a393b733a31373a2261646d696e2e62616e6b2e637265617465223b693a31303b733a31373a2261646d696e2e62616e6b2e757064617465223b693a31313b733a31373a2261646d696e2e62616e6b2e64656c657465223b693a31323b733a31393a2261646d696e2e73657474696e672e696e646578223b693a31333b733a31383a2261646d696e2e6d656d6265722e696e646578223b693a31343b733a31393a2261646d696e2e6d656d6265722e637265617465223b693a31353b733a31393a2261646d696e2e6d656d6265722e757064617465223b693a31363b733a31393a2261646d696e2e6d656d6265722e64656c657465223b693a31373b733a31373a2261646d696e2e6f726465722e696e646578223b693a31383b733a31383a2261646d696e2e6f726465722e637265617465223b693a31393b733a31383a2261646d696e2e6f726465722e757064617465223b693a32303b733a31383a2261646d696e2e6f726465722e64656c657465223b693a32313b733a31373a2261646d696e2e6f726465722e7072696e74223b693a32323b733a32313a2261646d696e2e73657474696e672e636f6e74616374223b693a32333b733a31393a2261646d696e2e73657474696e672e61626f7574223b693a32343b733a32303a2261646d696e2e63617465676f72792e696e646578223b693a32353b733a32313a2261646d696e2e63617465676f72792e637265617465223b693a32363b733a32313a2261646d696e2e63617465676f72792e757064617465223b693a32373b733a32313a2261646d696e2e63617465676f72792e64656c657465223b693a32383b733a31393a2261646d696e2e73657474696e672e686f77746f223b693a32393b733a31393a2261646d696e2e70726f647563742e696e646578223b693a33303b733a32303a2261646d696e2e70726f647563742e637265617465223b693a33313b733a32303a2261646d696e2e70726f647563742e757064617465223b693a33323b733a32303a2261646d696e2e70726f647563742e64656c657465223b693a33333b733a32303a2261646d696e2e64656c69766572792e696e646578223b693a33343b733a32313a2261646d696e2e64656c69766572792e637265617465223b693a33353b733a32313a2261646d696e2e64656c69766572792e757064617465223b693a33363b733a32313a2261646d696e2e64656c69766572792e64656c657465223b7d);

-- --------------------------------------------------------

--
-- Table structure for table `tb_menu_akses`
--

CREATE TABLE `tb_menu_akses` (
  `id` int(11) NOT NULL,
  `type` varchar(50) NOT NULL,
  `name` varchar(255) NOT NULL,
  `controller` varchar(50) NOT NULL,
  `action` blob NOT NULL,
  `sub_action` blob NOT NULL
) ENGINE=MyISAM DEFAULT CHARSET=latin1;

--
-- Dumping data for table `tb_menu_akses`
--

INSERT INTO `tb_menu_akses` (`id`, `type`, `name`, `controller`, `action`, `sub_action`) VALUES
(22, 'admin', 'User', 'user', 0x613a343a7b733a353a22696e646578223b733a393a224c6973742044617461223b733a363a22637265617465223b733a31313a224372656174652044617461223b733a363a22757064617465223b733a31313a225570646174652044617461223b733a363a2264656c657465223b733a31313a2244656c6574652044617461223b7d, 0x613a303a7b7d),
(21, 'admin', 'Slide', 'slide', 0x613a343a7b733a353a22696e646578223b733a393a224c6973742044617461223b733a363a22637265617465223b733a31313a224372656174652044617461223b733a363a22757064617465223b733a31313a225570646174652044617461223b733a363a2264656c657465223b733a31313a2244656c6574652044617461223b7d, 0x613a303a7b7d),
(40, 'admin', 'Bank', 'bank', 0x613a343a7b733a353a22696e646578223b733a393a224c6973742044617461223b733a363a22637265617465223b733a31313a224372656174652044617461223b733a363a22757064617465223b733a31313a225570646174652044617461223b733a363a2264656c657465223b733a31313a2244656c6574652044617461223b7d, 0x613a303a7b7d),
(18, 'admin', 'Setting', 'setting', 0x613a313a7b733a353a22696e646578223b733a31373a22456469742053657474696e6720556d756d223b7d, 0x613a303a7b7d),
(39, 'admin', 'Member', 'member', 0x613a343a7b733a353a22696e646578223b733a393a224c6973742044617461223b733a363a22637265617465223b733a31313a224372656174652044617461223b733a363a22757064617465223b733a31313a225570646174652044617461223b733a363a2264656c657465223b733a31313a2244656c6574652044617461223b7d, 0x613a303a7b7d),
(38, 'admin', 'Order', 'order', 0x613a353a7b733a353a22696e646578223b733a393a224c6973742044617461223b733a363a22637265617465223b733a31313a224372656174652044617461223b733a363a22757064617465223b733a31313a225570646174652044617461223b733a363a2264656c657465223b733a31313a2244656c6574652044617461223b733a353a227072696e74223b733a353a225072696e74223b7d, 0x613a303a7b7d),
(32, 'admin', 'Contact Us', 'setting', 0x613a313a7b733a373a22636f6e74616374223b733a32323a2245646974205061676520487562756e6769204b616d69223b7d, 0x613a303a7b7d),
(13, 'admin', 'About Us', 'setting', 0x613a313a7b733a353a2261626f7574223b733a31303a22456469742041626f7574223b7d, 0x613a303a7b7d),
(37, 'admin', 'Category', 'category', 0x613a343a7b733a353a22696e646578223b733a393a224c6973742044617461223b733a363a22637265617465223b733a31313a224372656174652044617461223b733a363a22757064617465223b733a31313a225570646174652044617461223b733a363a2264656c657465223b733a31313a2244656c6574652044617461223b7d, 0x613a303a7b7d),
(36, 'admin', 'How To Order', 'setting', 0x613a313a7b733a353a22686f77746f223b733a31323a22486f7720546f204f72646572223b7d, 0x613a303a7b7d),
(30, 'admin', 'Products', 'product', 0x613a343a7b733a353a22696e646578223b733a393a224c6973742044617461223b733a363a22637265617465223b733a31313a224372656174652044617461223b733a363a22757064617465223b733a31313a225570646174652044617461223b733a363a2264656c657465223b733a31313a2244656c6574652044617461223b7d, 0x613a303a7b7d),
(41, 'admin', 'Delivery Price', 'delivery', 0x613a343a7b733a353a22696e646578223b733a393a224c6973742044617461223b733a363a22637265617465223b733a31313a224372656174652044617461223b733a363a22757064617465223b733a31313a225570646174652044617461223b733a363a2264656c657465223b733a31313a2244656c6574652044617461223b7d, 0x613a303a7b7d);

-- --------------------------------------------------------

--
-- Table structure for table `tb_user`
--

CREATE TABLE `tb_user` (
  `id` int(11) NOT NULL,
  `email` varchar(200) NOT NULL,
  `nama` varchar(100) NOT NULL,
  `pass` varchar(100) NOT NULL,
  `type` varchar(50) NOT NULL,
  `group_id` int(11) NOT NULL,
  `login_terakhir` timestamp NOT NULL DEFAULT current_timestamp() ON UPDATE current_timestamp(),
  `aktivasi` int(11) NOT NULL,
  `aktif` int(11) NOT NULL,
  `user_input` varchar(200) NOT NULL,
  `tanggal_input` timestamp NOT NULL DEFAULT '0000-00-00 00:00:00',
  `initial` varchar(255) NOT NULL,
  `image` varchar(200) NOT NULL
) ENGINE=MyISAM DEFAULT CHARSET=latin1;

--
-- Dumping data for table `tb_user`
--

INSERT INTO `tb_user` (`id`, `email`, `nama`, `pass`, `type`, `group_id`, `login_terakhir`, `aktivasi`, `aktif`, `user_input`, `tanggal_input`, `initial`, `image`) VALUES
(1, 'ibnudrift@gmail.com', 'Ibnu Fajar', '564fda17f517ae04a86734c2b2341327ed4fd565', 'root', 0, '2019-07-02 06:41:28', 0, 1, '', '2014-02-10 03:17:36', 'deory', ''),
(30, 'info@markdesign.net', 'info markdesign', '564fda17f517ae04a86734c2b2341327ed4fd565', 'root', 1, '2019-03-29 04:09:38', 0, 1, '', '0000-00-00 00:00:00', 'Admin', '');

-- --------------------------------------------------------

--
-- Table structure for table `to_toko`
--

CREATE TABLE `to_toko` (
  `id` int(11) NOT NULL,
  `email` varchar(200) NOT NULL,
  `first_name` varchar(200) NOT NULL,
  `last_name` varchar(200) NOT NULL,
  `pass` varchar(100) NOT NULL,
  `login_terakhir` timestamp NOT NULL DEFAULT current_timestamp() ON UPDATE current_timestamp(),
  `aktivasi` int(11) NOT NULL,
  `aktif` int(11) NOT NULL,
  `image` varchar(200) NOT NULL,
  `hp` varchar(50) NOT NULL,
  `address` text NOT NULL,
  `city` varchar(50) NOT NULL,
  `province` varchar(50) NOT NULL,
  `postcode` varchar(10) NOT NULL,
  `nama_toko` varchar(200) NOT NULL,
  `lokasi` varchar(200) NOT NULL
) ENGINE=MyISAM DEFAULT CHARSET=latin1;

--
-- Dumping data for table `to_toko`
--

INSERT INTO `to_toko` (`id`, `email`, `first_name`, `last_name`, `pass`, `login_terakhir`, `aktivasi`, `aktif`, `image`, `hp`, `address`, `city`, `province`, `postcode`, `nama_toko`, `lokasi`) VALUES
(1, 'deoryzpandu@gmail.com', 'Deory', 'Pandu', '7c4a8d09ca3762af61e59520943dc26494f8941b', '2014-11-07 15:32:14', 0, 1, 'a448d-calourette-woodland-creature-jewelry-1.jpg', 'HP', 'Address', 'City', 'Province', 'PostCode', 'JewelryShop', 'surabaya'),
(4, 'ibnu@markdesign.net', 'Ibnu', 'Fajar', '564fda17f517ae04a86734c2b2341327ed4fd565', '2014-11-07 15:32:25', 0, 1, '3e491-calourette-woodland-creature-jewelry-1.jpg', 'HP', 'Address', 'City', 'Province', 'PostCode', 'Toko Handoko', 'surabaya');

-- --------------------------------------------------------

--
-- Table structure for table `to_toko_product`
--

CREATE TABLE `to_toko_product` (
  `id` int(11) NOT NULL,
  `toko_id` int(11) NOT NULL,
  `product_id` int(11) NOT NULL
) ENGINE=MyISAM DEFAULT CHARSET=latin1;

--
-- Dumping data for table `to_toko_product`
--

INSERT INTO `to_toko_product` (`id`, `toko_id`, `product_id`) VALUES
(8, 1, 960),
(7, 1, 105),
(6, 1, 719),
(5, 1, 264),
(9, 1, 223),
(10, 1, 930),
(11, 1, 475),
(12, 1, 732),
(13, 4, 264),
(14, 4, 560),
(15, 4, 960),
(16, 4, 505),
(17, 4, 719),
(18, 4, 678),
(19, 4, 475),
(20, 4, 277);

-- --------------------------------------------------------

--
-- Table structure for table `trips`
--

CREATE TABLE `trips` (
  `id` int(11) NOT NULL,
  `year` int(11) NOT NULL,
  `month` int(11) NOT NULL,
  `awal` int(11) NOT NULL,
  `akhir` int(11) NOT NULL,
  `trip` varchar(100) NOT NULL
) ENGINE=MyISAM DEFAULT CHARSET=latin1;

--
-- Dumping data for table `trips`
--

INSERT INTO `trips` (`id`, `year`, `month`, `awal`, `akhir`, `trip`) VALUES
(1, 2016, 1, 1, 3, 'Surabaya'),
(4, 2016, 2, 8, 10, 'Singapore'),
(3, 2016, 2, 7, 10, 'Malaysia');

-- --------------------------------------------------------

--
-- Table structure for table `tt_text`
--

CREATE TABLE `tt_text` (
  `id` int(11) NOT NULL,
  `category` varchar(100) NOT NULL,
  `message` text NOT NULL
) ENGINE=MyISAM DEFAULT CHARSET=latin1;

--
-- Dumping data for table `tt_text`
--

INSERT INTO `tt_text` (`id`, `category`, `message`) VALUES
(1, 'admin', 'Produk'),
(2, 'admin', 'Pages'),
(3, 'admin', 'Orders'),
(4, 'admin', 'Customers'),
(5, 'admin', 'Promotions'),
(6, 'admin', 'Reports'),
(7, 'admin', 'General Setting'),
(8, 'admin', 'Data Edited'),
(9, 'admin', 'New Orders'),
(10, 'admin', 'New Customers'),
(11, 'admin', 'Payment Confirmation'),
(12, 'admin', 'Edit Profile'),
(13, 'admin', 'Change Password'),
(14, 'admin', 'Sign Out'),
(15, 'admin', 'Gallery'),
(16, 'admin', 'Slide Home'),
(17, 'admin', 'Toko'),
(18, 'admin', 'Slides'),
(19, 'admin', 'Product'),
(20, 'admin', 'Products'),
(21, 'admin', 'About Us'),
(22, 'admin', 'Contact Us'),
(23, 'admin', 'Trip'),
(24, 'admin', 'Trips'),
(25, 'admin', 'Slide'),
(26, 'admin', 'Healty'),
(27, 'admin', 'ge-ma'),
(28, 'admin', 'Blog/Artikel'),
(29, 'admin', 'Career'),
(30, 'admin', 'Home'),
(31, 'admin', 'Factory'),
(32, 'admin', 'News & Article'),
(33, 'admin', 'Lokasi Penjualan'),
(34, 'admin', 'Jadi Agen'),
(35, 'admin', 'Cara Membeli'),
(36, 'admin', 'PDF'),
(37, 'admin', 'Cara Belanja'),
(38, 'admin', 'Info Pengiriman'),
(39, 'admin', 'FAQ'),
(40, 'admin', 'Syarat & Ketentuan'),
(41, 'admin', 'How To Order'),
(42, 'admin', 'Event'),
(43, 'admin', 'Homepage'),
(44, 'admin', 'Brand'),
(45, 'admin', 'Become an Agent'),
(46, 'admin', 'Where to Buy'),
(47, 'admin', 'Tentang Kami'),
(48, 'admin', 'Belanja Online'),
(49, 'admin', 'Merek'),
(50, 'admin', 'Lokasi'),
(51, 'admin', 'Gallery Spotlight'),
(52, 'admin', 'Voucher Discount'),
(53, 'admin', 'Customer'),
(54, 'admin', 'Home Spotlight'),
(55, 'admin', 'Store Locator'),
(56, 'admin', 'Seen On'),
(57, 'admin', 'Merchant Partner'),
(58, 'admin', 'Lokasi Toko'),
(59, 'front', 'Contact'),
(60, 'front', 'Calcium Carbonate Products'),
(61, 'front', 'Process & Quality'),
(62, 'front', 'News & Articles'),
(63, 'front', 'BACK'),
(64, 'front', 'PROCESS QUALITY'),
(65, 'front', 'material sourcing'),
(66, 'front', 'oven & crush'),
(67, 'front', 'final screening'),
(68, 'front', 'dispatch'),
(69, 'front', 'Read More'),
(70, 'front', 'Quality'),
(71, 'front', 'Events'),
(72, 'admin', 'What We Do'),
(73, 'admin', 'News & Events'),
(74, 'admin', 'Static Homepage'),
(75, 'admin', 'Static About'),
(76, 'admin', 'Static Quality'),
(77, 'admin', 'Blog Articles'),
(78, 'admin', 'Custom Design'),
(79, 'admin', 'Category');

-- --------------------------------------------------------
--
-- Structure for view `view_blog`
--
DROP TABLE IF EXISTS `view_blog`;

CREATE VIEW `view_blog`  AS  select `pg_blog`.`id` AS `id`,`pg_blog`.`topik_id` AS `topik_id`,`pg_blog`.`image` AS `image`,`pg_blog`.`active` AS `active`,`pg_blog`.`date_input` AS `date_input`,`pg_blog`.`date_update` AS `date_update`,`pg_blog`.`insert_by` AS `insert_by`,`pg_blog`.`last_update_by` AS `last_update_by`,`pg_blog`.`writer` AS `writer`,`pg_blog_description`.`id` AS `id2`,`pg_blog_description`.`blog_id` AS `blog_id`,`pg_blog_description`.`language_id` AS `language_id`,`pg_blog_description`.`title` AS `title`,`pg_blog_description`.`content` AS `content`,`pg_blog_description`.`quote` AS `quote` from (`pg_blog` join `pg_blog_description` on(`pg_blog`.`id` = `pg_blog_description`.`blog_id`)) ;

-- --------------------------------------------------------

--
-- Structure for view `view_category`
--
DROP TABLE IF EXISTS `view_category`;

CREATE VIEW `view_category`  AS  select `prd_category`.`id` AS `id`,`prd_category`.`parent_id` AS `parent_id`,`prd_category`.`sort` AS `sort`,`prd_category`.`image` AS `image`,`prd_category`.`type` AS `type`,`prd_category`.`data` AS `data`,`prd_category_description`.`id` AS `id2`,`prd_category_description`.`category_id` AS `category_id`,`prd_category_description`.`language_id` AS `language_id`,`prd_category_description`.`name` AS `name`,`prd_category_description`.`data` AS `data2` from (`prd_category` join `prd_category_description` on(`prd_category`.`id` = `prd_category_description`.`category_id`)) ;

-- --------------------------------------------------------

--
-- Structure for view `view_gallery`
--
DROP TABLE IF EXISTS `view_gallery`;

CREATE VIEW `view_gallery`  AS  select `gal_gallery`.`id` AS `id`,`gal_gallery`.`topik_id` AS `topik_id`,`gal_gallery`.`image` AS `image`,`gal_gallery`.`image2` AS `image2`,`gal_gallery`.`active` AS `active`,`gal_gallery`.`date_input` AS `date_input`,`gal_gallery`.`date_update` AS `date_update`,`gal_gallery`.`insert_by` AS `insert_by`,`gal_gallery`.`last_update_by` AS `last_update_by`,`gal_gallery`.`writer` AS `writer`,`gal_gallery`.`city` AS `city`,`gal_gallery`.`harga` AS `harga`,`gal_gallery`.`color` AS `color`,`gal_gallery`.`orientation` AS `orientation`,`gal_gallery_description`.`id` AS `id2`,`gal_gallery_description`.`gallery_id` AS `gallery_id`,`gal_gallery_description`.`language_id` AS `language_id`,`gal_gallery_description`.`title` AS `title`,`gal_gallery_description`.`sub_title` AS `sub_title`,`gal_gallery_description`.`sub_title_2` AS `sub_title_2`,`gal_gallery_description`.`content` AS `content` from (`gal_gallery` join `gal_gallery_description` on(`gal_gallery`.`id` = `gal_gallery_description`.`gallery_id`)) ;

-- --------------------------------------------------------

--
-- Structure for view `view_slide`
--
DROP TABLE IF EXISTS `view_slide`;

CREATE VIEW `view_slide`  AS  select `sl_slide`.`id` AS `id`,`sl_slide`.`topik_id` AS `topik_id`,`sl_slide`.`image` AS `image`,`sl_slide`.`active` AS `active`,`sl_slide`.`date_input` AS `date_input`,`sl_slide`.`date_update` AS `date_update`,`sl_slide`.`insert_by` AS `insert_by`,`sl_slide`.`last_update_by` AS `last_update_by`,`sl_slide`.`writer` AS `writer`,`sl_slide_description`.`id` AS `id2`,`sl_slide_description`.`slide_id` AS `slide_id`,`sl_slide_description`.`language_id` AS `language_id`,`sl_slide_description`.`title` AS `title`,`sl_slide_description`.`content` AS `content`,`sl_slide_description`.`url` AS `url`,`sl_slide`.`sort` AS `sort` from (`sl_slide` join `sl_slide_description` on(`sl_slide_description`.`slide_id` = `sl_slide`.`id`)) ;

--
-- Indexes for dumped tables
--

--
-- Indexes for table `about_image`
--
ALTER TABLE `about_image`
  ADD PRIMARY KEY (`id`);

--
-- Indexes for table `address`
--
ALTER TABLE `address`
  ADD PRIMARY KEY (`id`);

--
-- Indexes for table `banner`
--
ALTER TABLE `banner`
  ADD PRIMARY KEY (`id`);

--
-- Indexes for table `city`
--
ALTER TABLE `city`
  ADD PRIMARY KEY (`id`);

--
-- Indexes for table `cs_customer`
--
ALTER TABLE `cs_customer`
  ADD PRIMARY KEY (`id`),
  ADD KEY `email` (`email`);

--
-- Indexes for table `cs_customer_address`
--
ALTER TABLE `cs_customer_address`
  ADD PRIMARY KEY (`id`),
  ADD KEY `customer_id` (`customer_id`);

--
-- Indexes for table `factory`
--
ALTER TABLE `factory`
  ADD PRIMARY KEY (`id`);

--
-- Indexes for table `faq`
--
ALTER TABLE `faq`
  ADD PRIMARY KEY (`id`);

--
-- Indexes for table `gal_gallery`
--
ALTER TABLE `gal_gallery`
  ADD PRIMARY KEY (`id`);

--
-- Indexes for table `gal_gallery_description`
--
ALTER TABLE `gal_gallery_description`
  ADD PRIMARY KEY (`id`),
  ADD KEY `language_id` (`language_id`);

--
-- Indexes for table `gal_gallery_image`
--
ALTER TABLE `gal_gallery_image`
  ADD PRIMARY KEY (`id`),
  ADD KEY `product_id` (`gallery_id`);

--
-- Indexes for table `language`
--
ALTER TABLE `language`
  ADD PRIMARY KEY (`id`);

--
-- Indexes for table `log`
--
ALTER TABLE `log`
  ADD PRIMARY KEY (`id`);

--
-- Indexes for table `me_member`
--
ALTER TABLE `me_member`
  ADD PRIMARY KEY (`id`),
  ADD KEY `email` (`email`);

--
-- Indexes for table `or_order`
--
ALTER TABLE `or_order`
  ADD PRIMARY KEY (`id`),
  ADD KEY `id` (`id`);

--
-- Indexes for table `or_order_history`
--
ALTER TABLE `or_order_history`
  ADD PRIMARY KEY (`id`),
  ADD KEY `order_id` (`order_id`);

--
-- Indexes for table `or_order_product`
--
ALTER TABLE `or_order_product`
  ADD PRIMARY KEY (`id`),
  ADD KEY `order_id` (`order_id`);

--
-- Indexes for table `or_order_status`
--
ALTER TABLE `or_order_status`
  ADD PRIMARY KEY (`order_status_id`);

--
-- Indexes for table `pdf`
--
ALTER TABLE `pdf`
  ADD PRIMARY KEY (`id`);

--
-- Indexes for table `pg_bank`
--
ALTER TABLE `pg_bank`
  ADD PRIMARY KEY (`id`);

--
-- Indexes for table `pg_blog`
--
ALTER TABLE `pg_blog`
  ADD PRIMARY KEY (`id`);

--
-- Indexes for table `pg_blog_description`
--
ALTER TABLE `pg_blog_description`
  ADD PRIMARY KEY (`id`),
  ADD KEY `language_id` (`language_id`);

--
-- Indexes for table `pg_faq`
--
ALTER TABLE `pg_faq`
  ADD PRIMARY KEY (`id`);

--
-- Indexes for table `pg_faq_description`
--
ALTER TABLE `pg_faq_description`
  ADD PRIMARY KEY (`id`),
  ADD KEY `language_id` (`language_id`);

--
-- Indexes for table `pg_list_bank`
--
ALTER TABLE `pg_list_bank`
  ADD PRIMARY KEY (`id`);

--
-- Indexes for table `pg_pages`
--
ALTER TABLE `pg_pages`
  ADD PRIMARY KEY (`id`);

--
-- Indexes for table `pg_pages_description`
--
ALTER TABLE `pg_pages_description`
  ADD PRIMARY KEY (`id`);

--
-- Indexes for table `pg_testimonial`
--
ALTER TABLE `pg_testimonial`
  ADD PRIMARY KEY (`id`);

--
-- Indexes for table `pg_testimonial_description`
--
ALTER TABLE `pg_testimonial_description`
  ADD PRIMARY KEY (`id`);

--
-- Indexes for table `pg_type_letak`
--
ALTER TABLE `pg_type_letak`
  ADD PRIMARY KEY (`id`);

--
-- Indexes for table `prd_brand`
--
ALTER TABLE `prd_brand`
  ADD PRIMARY KEY (`id`);

--
-- Indexes for table `prd_brand_description`
--
ALTER TABLE `prd_brand_description`
  ADD PRIMARY KEY (`id`),
  ADD KEY `language_id` (`language_id`);

--
-- Indexes for table `prd_category`
--
ALTER TABLE `prd_category`
  ADD PRIMARY KEY (`id`),
  ADD KEY `parent_id` (`parent_id`),
  ADD KEY `type` (`type`);

--
-- Indexes for table `prd_category_description`
--
ALTER TABLE `prd_category_description`
  ADD PRIMARY KEY (`id`),
  ADD KEY `category_id` (`category_id`,`language_id`);

--
-- Indexes for table `prd_category_product`
--
ALTER TABLE `prd_category_product`
  ADD PRIMARY KEY (`id`);

--
-- Indexes for table `prd_product`
--
ALTER TABLE `prd_product`
  ADD PRIMARY KEY (`id`),
  ADD KEY `category_id` (`category_id`);

--
-- Indexes for table `prd_product_attributes`
--
ALTER TABLE `prd_product_attributes`
  ADD PRIMARY KEY (`id`),
  ADD KEY `product_id` (`product_id`);

--
-- Indexes for table `prd_product_color`
--
ALTER TABLE `prd_product_color`
  ADD PRIMARY KEY (`id`),
  ADD KEY `product_id` (`product_id`);

--
-- Indexes for table `prd_product_description`
--
ALTER TABLE `prd_product_description`
  ADD PRIMARY KEY (`id`),
  ADD KEY `product_id` (`product_id`,`language_id`);

--
-- Indexes for table `prd_product_image`
--
ALTER TABLE `prd_product_image`
  ADD PRIMARY KEY (`id`),
  ADD KEY `product_id` (`product_id`);

--
-- Indexes for table `sertifikasi`
--
ALTER TABLE `sertifikasi`
  ADD PRIMARY KEY (`id`);

--
-- Indexes for table `setting`
--
ALTER TABLE `setting`
  ADD PRIMARY KEY (`id`);

--
-- Indexes for table `setting_description`
--
ALTER TABLE `setting_description`
  ADD PRIMARY KEY (`id`);

--
-- Indexes for table `shp_shipping_price`
--
ALTER TABLE `shp_shipping_price`
  ADD PRIMARY KEY (`id`);

--
-- Indexes for table `sl_slide`
--
ALTER TABLE `sl_slide`
  ADD PRIMARY KEY (`id`);

--
-- Indexes for table `sl_slide_description`
--
ALTER TABLE `sl_slide_description`
  ADD PRIMARY KEY (`id`),
  ADD KEY `language_id` (`language_id`);

--
-- Indexes for table `tb_group`
--
ALTER TABLE `tb_group`
  ADD PRIMARY KEY (`id`);

--
-- Indexes for table `tb_menu_akses`
--
ALTER TABLE `tb_menu_akses`
  ADD PRIMARY KEY (`id`);

--
-- Indexes for table `tb_user`
--
ALTER TABLE `tb_user`
  ADD PRIMARY KEY (`id`),
  ADD KEY `email` (`email`);

--
-- Indexes for table `to_toko`
--
ALTER TABLE `to_toko`
  ADD PRIMARY KEY (`id`),
  ADD KEY `email` (`email`);

--
-- Indexes for table `to_toko_product`
--
ALTER TABLE `to_toko_product`
  ADD PRIMARY KEY (`id`),
  ADD KEY `toko_id` (`toko_id`),
  ADD KEY `product_id` (`product_id`);

--
-- Indexes for table `trips`
--
ALTER TABLE `trips`
  ADD PRIMARY KEY (`id`);

--
-- Indexes for table `tt_text`
--
ALTER TABLE `tt_text`
  ADD PRIMARY KEY (`id`);

--
-- AUTO_INCREMENT for dumped tables
--

--
-- AUTO_INCREMENT for table `about_image`
--
ALTER TABLE `about_image`
  MODIFY `id` int(11) NOT NULL AUTO_INCREMENT, AUTO_INCREMENT=24;

--
-- AUTO_INCREMENT for table `address`
--
ALTER TABLE `address`
  MODIFY `id` int(25) NOT NULL AUTO_INCREMENT, AUTO_INCREMENT=2;

--
-- AUTO_INCREMENT for table `banner`
--
ALTER TABLE `banner`
  MODIFY `id` int(11) NOT NULL AUTO_INCREMENT, AUTO_INCREMENT=5;

--
-- AUTO_INCREMENT for table `city`
--
ALTER TABLE `city`
  MODIFY `id` int(11) NOT NULL AUTO_INCREMENT, AUTO_INCREMENT=502;

--
-- AUTO_INCREMENT for table `cs_customer`
--
ALTER TABLE `cs_customer`
  MODIFY `id` int(11) NOT NULL AUTO_INCREMENT;

--
-- AUTO_INCREMENT for table `cs_customer_address`
--
ALTER TABLE `cs_customer_address`
  MODIFY `id` int(11) NOT NULL AUTO_INCREMENT;

--
-- AUTO_INCREMENT for table `factory`
--
ALTER TABLE `factory`
  MODIFY `id` int(25) NOT NULL AUTO_INCREMENT, AUTO_INCREMENT=6;

--
-- AUTO_INCREMENT for table `faq`
--
ALTER TABLE `faq`
  MODIFY `id` int(11) NOT NULL AUTO_INCREMENT, AUTO_INCREMENT=24;

--
-- AUTO_INCREMENT for table `gal_gallery`
--
ALTER TABLE `gal_gallery`
  MODIFY `id` int(11) NOT NULL AUTO_INCREMENT, AUTO_INCREMENT=9;

--
-- AUTO_INCREMENT for table `gal_gallery_description`
--
ALTER TABLE `gal_gallery_description`
  MODIFY `id` int(11) NOT NULL AUTO_INCREMENT, AUTO_INCREMENT=66;

--
-- AUTO_INCREMENT for table `gal_gallery_image`
--
ALTER TABLE `gal_gallery_image`
  MODIFY `id` int(11) NOT NULL AUTO_INCREMENT, AUTO_INCREMENT=28;

--
-- AUTO_INCREMENT for table `language`
--
ALTER TABLE `language`
  MODIFY `id` int(11) NOT NULL AUTO_INCREMENT, AUTO_INCREMENT=4;

--
-- AUTO_INCREMENT for table `log`
--
ALTER TABLE `log`
  MODIFY `id` int(11) NOT NULL AUTO_INCREMENT, AUTO_INCREMENT=25;

--
-- AUTO_INCREMENT for table `me_member`
--
ALTER TABLE `me_member`
  MODIFY `id` int(11) NOT NULL AUTO_INCREMENT, AUTO_INCREMENT=13;

--
-- AUTO_INCREMENT for table `or_order`
--
ALTER TABLE `or_order`
  MODIFY `id` int(11) NOT NULL AUTO_INCREMENT, AUTO_INCREMENT=47;

--
-- AUTO_INCREMENT for table `or_order_history`
--
ALTER TABLE `or_order_history`
  MODIFY `id` int(11) NOT NULL AUTO_INCREMENT, AUTO_INCREMENT=5;

--
-- AUTO_INCREMENT for table `or_order_product`
--
ALTER TABLE `or_order_product`
  MODIFY `id` int(11) NOT NULL AUTO_INCREMENT, AUTO_INCREMENT=52;

--
-- AUTO_INCREMENT for table `or_order_status`
--
ALTER TABLE `or_order_status`
  MODIFY `order_status_id` int(11) NOT NULL AUTO_INCREMENT, AUTO_INCREMENT=18;

--
-- AUTO_INCREMENT for table `pdf`
--
ALTER TABLE `pdf`
  MODIFY `id` int(11) NOT NULL AUTO_INCREMENT, AUTO_INCREMENT=6;

--
-- AUTO_INCREMENT for table `pg_bank`
--
ALTER TABLE `pg_bank`
  MODIFY `id` int(25) NOT NULL AUTO_INCREMENT, AUTO_INCREMENT=3;

--
-- AUTO_INCREMENT for table `pg_blog`
--
ALTER TABLE `pg_blog`
  MODIFY `id` int(11) NOT NULL AUTO_INCREMENT, AUTO_INCREMENT=2;

--
-- AUTO_INCREMENT for table `pg_blog_description`
--
ALTER TABLE `pg_blog_description`
  MODIFY `id` int(11) NOT NULL AUTO_INCREMENT, AUTO_INCREMENT=5;

--
-- AUTO_INCREMENT for table `pg_faq`
--
ALTER TABLE `pg_faq`
  MODIFY `id` int(20) NOT NULL AUTO_INCREMENT, AUTO_INCREMENT=3;

--
-- AUTO_INCREMENT for table `pg_faq_description`
--
ALTER TABLE `pg_faq_description`
  MODIFY `id` int(11) NOT NULL AUTO_INCREMENT, AUTO_INCREMENT=4;

--
-- AUTO_INCREMENT for table `pg_list_bank`
--
ALTER TABLE `pg_list_bank`
  MODIFY `id` int(50) NOT NULL AUTO_INCREMENT, AUTO_INCREMENT=22;

--
-- AUTO_INCREMENT for table `pg_pages`
--
ALTER TABLE `pg_pages`
  MODIFY `id` int(11) NOT NULL AUTO_INCREMENT, AUTO_INCREMENT=9;

--
-- AUTO_INCREMENT for table `pg_pages_description`
--
ALTER TABLE `pg_pages_description`
  MODIFY `id` int(11) NOT NULL AUTO_INCREMENT, AUTO_INCREMENT=18;

--
-- AUTO_INCREMENT for table `pg_testimonial`
--
ALTER TABLE `pg_testimonial`
  MODIFY `id` int(25) NOT NULL AUTO_INCREMENT, AUTO_INCREMENT=2;

--
-- AUTO_INCREMENT for table `pg_testimonial_description`
--
ALTER TABLE `pg_testimonial_description`
  MODIFY `id` int(11) NOT NULL AUTO_INCREMENT, AUTO_INCREMENT=9;

--
-- AUTO_INCREMENT for table `pg_type_letak`
--
ALTER TABLE `pg_type_letak`
  MODIFY `id` int(11) NOT NULL AUTO_INCREMENT, AUTO_INCREMENT=193;

--
-- AUTO_INCREMENT for table `prd_brand`
--
ALTER TABLE `prd_brand`
  MODIFY `id` int(11) NOT NULL AUTO_INCREMENT;

--
-- AUTO_INCREMENT for table `prd_brand_description`
--
ALTER TABLE `prd_brand_description`
  MODIFY `id` int(11) NOT NULL AUTO_INCREMENT;

--
-- AUTO_INCREMENT for table `prd_category`
--
ALTER TABLE `prd_category`
  MODIFY `id` int(11) NOT NULL AUTO_INCREMENT, AUTO_INCREMENT=5;

--
-- AUTO_INCREMENT for table `prd_category_description`
--
ALTER TABLE `prd_category_description`
  MODIFY `id` int(11) NOT NULL AUTO_INCREMENT, AUTO_INCREMENT=5;

--
-- AUTO_INCREMENT for table `prd_category_product`
--
ALTER TABLE `prd_category_product`
  MODIFY `id` int(11) NOT NULL AUTO_INCREMENT, AUTO_INCREMENT=65;

--
-- AUTO_INCREMENT for table `prd_product`
--
ALTER TABLE `prd_product`
  MODIFY `id` int(11) NOT NULL AUTO_INCREMENT, AUTO_INCREMENT=12;

--
-- AUTO_INCREMENT for table `prd_product_attributes`
--
ALTER TABLE `prd_product_attributes`
  MODIFY `id` int(11) NOT NULL AUTO_INCREMENT, AUTO_INCREMENT=13;

--
-- AUTO_INCREMENT for table `prd_product_color`
--
ALTER TABLE `prd_product_color`
  MODIFY `id` int(11) NOT NULL AUTO_INCREMENT;

--
-- AUTO_INCREMENT for table `prd_product_description`
--
ALTER TABLE `prd_product_description`
  MODIFY `id` int(11) NOT NULL AUTO_INCREMENT, AUTO_INCREMENT=65;

--
-- AUTO_INCREMENT for table `prd_product_image`
--
ALTER TABLE `prd_product_image`
  MODIFY `id` int(11) NOT NULL AUTO_INCREMENT;

--
-- AUTO_INCREMENT for table `sertifikasi`
--
ALTER TABLE `sertifikasi`
  MODIFY `id` int(11) NOT NULL AUTO_INCREMENT, AUTO_INCREMENT=16;

--
-- AUTO_INCREMENT for table `setting`
--
ALTER TABLE `setting`
  MODIFY `id` int(11) NOT NULL AUTO_INCREMENT, AUTO_INCREMENT=21;

--
-- AUTO_INCREMENT for table `setting_description`
--
ALTER TABLE `setting_description`
  MODIFY `id` int(11) NOT NULL AUTO_INCREMENT, AUTO_INCREMENT=13;

--
-- AUTO_INCREMENT for table `shp_shipping_price`
--
ALTER TABLE `shp_shipping_price`
  MODIFY `id` int(11) NOT NULL AUTO_INCREMENT, AUTO_INCREMENT=701;

--
-- AUTO_INCREMENT for table `sl_slide`
--
ALTER TABLE `sl_slide`
  MODIFY `id` int(11) NOT NULL AUTO_INCREMENT;

--
-- AUTO_INCREMENT for table `sl_slide_description`
--
ALTER TABLE `sl_slide_description`
  MODIFY `id` int(11) NOT NULL AUTO_INCREMENT;

--
-- AUTO_INCREMENT for table `tb_group`
--
ALTER TABLE `tb_group`
  MODIFY `id` int(11) NOT NULL AUTO_INCREMENT, AUTO_INCREMENT=10;

--
-- AUTO_INCREMENT for table `tb_menu_akses`
--
ALTER TABLE `tb_menu_akses`
  MODIFY `id` int(11) NOT NULL AUTO_INCREMENT, AUTO_INCREMENT=42;

--
-- AUTO_INCREMENT for table `tb_user`
--
ALTER TABLE `tb_user`
  MODIFY `id` int(11) NOT NULL AUTO_INCREMENT, AUTO_INCREMENT=38;

--
-- AUTO_INCREMENT for table `to_toko`
--
ALTER TABLE `to_toko`
  MODIFY `id` int(11) NOT NULL AUTO_INCREMENT, AUTO_INCREMENT=5;

--
-- AUTO_INCREMENT for table `to_toko_product`
--
ALTER TABLE `to_toko_product`
  MODIFY `id` int(11) NOT NULL AUTO_INCREMENT, AUTO_INCREMENT=21;

--
-- AUTO_INCREMENT for table `trips`
--
ALTER TABLE `trips`
  MODIFY `id` int(11) NOT NULL AUTO_INCREMENT, AUTO_INCREMENT=5;

--
-- AUTO_INCREMENT for table `tt_text`
--
ALTER TABLE `tt_text`
  MODIFY `id` int(11) NOT NULL AUTO_INCREMENT, AUTO_INCREMENT=80;
COMMIT;

/*!40101 SET CHARACTER_SET_CLIENT=@OLD_CHARACTER_SET_CLIENT */;
/*!40101 SET CHARACTER_SET_RESULTS=@OLD_CHARACTER_SET_RESULTS */;
/*!40101 SET COLLATION_CONNECTION=@OLD_COLLATION_CONNECTION */;
